Year,Region,Diagnosis,Age,Value
1997,23,1,2,1
1997,8,1,2,3
1997,5,2,1,1
1997,9,1,2,1
1997,3,1,2,3
1997,10,1,1,2
1997,13,1,2,5
1997,19,1,2,4
1997,19,1,3,13
1997,21,1,3,16
1997,23,1,3,4
1997,24,1,2,3
1997,5,1,3,25
1997,18,1,3,21
1997,4,1,3,9
1997,9,1,3,12
1997,5,1,2,11
1997,7,1,2,4
1997,10,1,3,7
1997,22,1,2,2
1997,18,1,2,8
1997,25,1,2,4
1997,3,1,1,21
1997,6,1,2,8
1997,7,1,1,8
1997,8,1,1,13
1997,8,1,3,15
1997,9,1,1,3
1997,10,1,2,3
1997,13,1,3,15
1997,17,1,2,5
1997,20,1,2,10
1997,23,1,1,6
1997,25,1,3,15
1997,0,1,1,487
1997,0,1,2,147
1997,0,1,3,551
1997,0,1,4,169456
1997,1,1,1,92
1997,1,1,2,23
1997,1,1,3,129
1997,1,1,4,27946
1997,3,1,3,15
1997,3,1,4,5164
1997,4,1,1,20
1997,4,1,2,5
1997,4,1,4,5287
1997,5,1,1,28
1997,5,1,4,10997
1997,6,1,1,16
1997,6,1,3,17
1997,6,1,4,6094
1997,7,1,3,8
1997,7,1,4,4598
1997,8,1,4,5219
1997,9,1,4,1232
1997,10,1,4,4477
1997,12,1,1,70
1997,12,1,2,22
1997,12,1,3,76
1997,12,1,4,21364
1997,13,1,1,18
1997,13,1,4,6250
1997,14,1,1,81
1997,14,1,2,19
1997,14,1,3,94
1997,14,1,4,28399
1997,17,1,1,13
1997,17,1,3,16
1997,17,1,4,6755
1997,18,1,1,22
1997,18,1,4,5579
1997,19,1,1,13
1997,19,1,4,5046
1997,20,1,1,9
1997,20,1,3,16
1997,20,1,4,6661
1997,21,1,1,17
1997,21,1,2,3
1997,21,1,4,7029
1997,22,1,1,12
1997,22,1,3,10
1997,22,1,4,5484
1997,23,1,4,3800
1997,24,1,1,7
1997,24,1,3,18
1997,24,1,4,5603
1997,25,1,1,16
1997,25,1,4,6023
1997,6,4,1,1
1997,4,4,2,1
1997,6,4,2,4
1997,7,4,3,1
1997,13,4,2,2
1997,18,4,2,1
1997,1,4,2,15
1997,3,4,2,1
1997,3,4,3,3
1997,4,4,3,3
1997,4,4,4,44
1997,5,4,2,3
1997,6,4,3,1
1997,8,4,1,1
1997,8,4,3,7
1997,9,4,3,1
1997,9,4,4,2
1997,12,4,1,1
1997,12,4,2,9
1997,13,4,3,5
1997,17,4,2,4
1997,17,4,3,7
1997,19,4,3,1
1997,19,4,4,10
1997,20,4,1,3
1997,20,4,3,3
1997,21,4,1,2
1997,23,4,2,5
1997,21,4,2,3
1997,10,4,3,2
1997,18,4,3,6
1997,1,4,1,4
1997,0,4,1,31
1997,0,4,2,87
1997,0,4,3,126
1997,0,4,4,849
1997,1,4,3,14
1997,1,4,4,70
1997,3,4,4,32
1997,5,4,1,1
1997,5,4,3,6
1997,5,4,4,32
1997,6,4,4,23
1997,7,4,2,3
1997,7,4,4,35
1997,8,4,2,3
1997,8,4,4,24
1997,10,4,2,1
1997,10,4,4,28
1997,12,4,3,15
1997,12,4,4,114
1997,13,4,1,4
1997,13,4,4,24
1997,14,4,1,4
1997,14,4,2,11
1997,14,4,3,24
1997,14,4,4,140
1997,17,4,1,3
1997,17,4,4,60
1997,18,4,4,31
1997,20,4,2,7
1997,20,4,4,45
1997,21,4,3,5
1997,21,4,4,29
1997,22,4,2,6
1997,22,4,3,4
1997,22,4,4,36
1997,23,4,3,4
1997,23,4,4,27
1997,24,4,1,3
1997,24,4,2,3
1997,24,4,3,4
1997,24,4,4,35
1997,25,4,1,4
1997,25,4,2,5
1997,25,4,3,10
1997,25,4,4,55
1997,0,2,1,7
1997,0,2,2,109
1997,0,2,3,358
1997,0,2,4,7788
1997,1,2,1,1
1997,1,2,2,28
1997,1,2,3,91
1997,1,2,4,1460
1997,3,2,2,5
1997,3,2,3,8
1997,3,2,4,169
1997,4,2,2,4
1997,4,2,3,10
1997,4,2,4,228
1997,5,2,2,3
1997,5,2,3,12
1997,5,2,4,346
1997,6,2,2,3
1997,6,2,3,7
1997,6,2,4,228
1997,7,2,2,1
1997,7,2,3,4
1997,7,2,4,117
1997,8,2,2,2
1997,8,2,3,8
1997,8,2,4,147
1997,9,2,3,2
1997,9,2,4,212
1997,10,2,2,1
1997,10,2,3,8
1997,10,2,4,165
1997,12,2,1,1
1997,12,2,2,13
1997,12,2,3,47
1997,12,2,4,1027
1997,13,2,1,1
1997,13,2,2,1
1997,13,2,3,8
1997,13,2,4,222
1997,14,2,1,1
1997,14,2,2,14
1997,14,2,3,61
1997,14,2,4,885
1997,17,2,2,2
1997,17,2,3,9
1997,17,2,4,1237
1997,18,2,2,6
1997,18,2,3,11
1997,18,2,4,277
1997,19,2,2,3
1997,19,2,3,15
1997,19,2,4,154
1997,20,2,1,1
1997,20,2,2,10
1997,20,2,3,11
1997,20,2,4,308
1997,21,2,2,1
1997,21,2,3,7
1997,21,2,4,290
1997,22,2,2,1
1997,22,2,3,8
1997,22,2,4,157
1997,23,2,2,1
1997,23,2,3,3
1997,23,2,4,352
1997,24,2,1,1
1997,24,2,2,4
1997,24,2,3,10
1997,24,2,4,229
1997,25,2,2,6
1997,25,2,3,18
1997,25,2,4,292
1997,0,3,1,2
1997,0,3,2,13
1997,0,3,3,32
1997,0,3,4,141
1997,1,3,2,3
1997,1,3,3,6
1997,1,3,4,29
1997,3,3,1,1
1997,3,3,3,1
1997,3,3,4,3
1997,4,3,4,11
1997,5,3,2,1
1997,5,3,3,2
1997,5,3,4,7
1997,6,3,3,3
1997,6,3,4,7
1997,7,3,3,1
1997,7,3,4,3
1997,8,3,2,1
1997,8,3,4,3
1997,9,3,3,1
1997,9,3,4,2
1997,10,3,4,4
1997,12,3,2,1
1997,12,3,3,3
1997,12,3,4,11
1997,13,3,4,19
1997,14,3,2,3
1997,14,3,3,11
1997,14,3,4,24
1997,17,3,2,2
1997,17,3,4,5
1997,18,3,4,2
1997,19,3,4,12
1997,20,3,1,1
1997,20,3,4,7
1997,21,3,3,2
1997,21,3,4,2
1997,22,3,2,2
1997,22,3,3,2
1997,25,3,4,7
1998,10,1,2,1
1998,23,1,2,2
1998,18,2,1,1
1998,9,1,3,5
1998,10,1,3,5
1998,17,1,2,1
1998,24,1,3,11
1998,25,1,2,3
1998,6,1,2,5
1998,5,1,2,5
1998,5,1,3,30
1998,8,1,3,19
1998,13,1,2,5
1998,4,1,3,8
1998,23,1,3,16
1998,20,1,2,4
1998,3,1,1,19
1998,3,1,2,8
1998,7,1,2,2
1998,7,1,3,16
1998,8,1,1,14
1998,9,1,1,2
1998,10,1,1,5
1998,12,1,2,13
1998,13,1,1,6
1998,19,1,2,5
1998,20,1,1,12
1998,21,1,2,5
1998,22,1,2,3
1998,23,1,1,4
1998,24,1,1,14
1998,24,1,2,5
1998,25,1,3,18
1998,0,1,1,463
1998,0,1,2,146
1998,0,1,3,566
1998,0,1,4,168883
1998,1,1,1,104
1998,1,1,2,34
1998,1,1,3,135
1998,1,1,4,26851
1998,3,1,3,13
1998,3,1,4,10063
1998,4,1,1,9
1998,4,1,2,7
1998,4,1,4,5632
1998,5,1,1,23
1998,5,1,4,7460
1998,6,1,1,20
1998,6,1,3,16
1998,6,1,4,6275
1998,7,1,1,13
1998,7,1,4,3992
1998,8,1,2,9
1998,8,1,4,3425
1998,9,1,4,4107
1998,10,1,4,5391
1998,12,1,1,59
1998,12,1,3,73
1998,12,1,4,21698
1998,13,1,3,12
1998,13,1,4,5340
1998,14,1,1,72
1998,14,1,2,22
1998,14,1,3,79
1998,14,1,4,27127
1998,17,1,1,19
1998,17,1,3,20
1998,17,1,4,8901
1998,18,1,1,21
1998,18,1,2,7
1998,18,1,3,23
1998,18,1,4,5750
1998,19,1,1,8
1998,19,1,3,20
1998,19,1,4,5246
1998,20,1,3,17
1998,20,1,4,6035
1998,21,1,1,12
1998,21,1,3,22
1998,21,1,4,7358
1998,22,1,1,8
1998,22,1,3,8
1998,22,1,4,6248
1998,23,1,4,2941
1998,24,1,4,5869
1998,25,1,1,19
1998,25,1,4,5144
1998,3,4,1,1
1998,6,4,1,1
1998,17,4,1,1
1998,24,4,1,1
1998,5,4,1,1
1998,7,4,1,1
1998,19,4,1,1
1998,21,4,1,1
1998,4,4,3,1
1998,1,4,1,4
1998,1,4,2,8
1998,3,4,2,5
1998,3,4,3,3
1998,4,4,2,2
1998,4,4,4,41
1998,6,4,2,2
1998,6,4,3,3
1998,6,4,4,28
1998,7,4,2,2
1998,7,4,3,4
1998,7,4,4,29
1998,8,4,1,2
1998,8,4,2,1
1998,9,4,2,2
1998,9,4,3,2
1998,9,4,4,4
1998,10,4,1,2
1998,12,4,2,12
1998,13,4,1,1
1998,13,4,2,5
1998,13,4,3,5
1998,13,4,4,52
1998,17,4,3,4
1998,18,4,2,4
1998,18,4,3,3
1998,19,4,2,3
1998,19,4,3,4
1998,19,4,4,21
1998,20,4,2,5
1998,20,4,3,1
1998,21,4,2,5
1998,23,4,2,2
1998,24,4,2,4
1998,25,4,1,4
1998,8,4,3,4
1998,22,4,4,23
1998,24,4,3,2
1998,14,4,2,17
1998,23,4,3,5
1998,5,4,2,4
1998,17,4,2,4
1998,17,4,4,27
1998,20,4,1,1
1998,20,4,4,36
1998,0,4,1,35
1998,0,4,2,95
1998,0,4,3,117
1998,0,4,4,788
1998,1,4,3,23
1998,1,4,4,90
1998,3,4,4,28
1998,5,4,3,8
1998,5,4,4,22
1998,8,4,4,26
1998,10,4,3,2
1998,10,4,4,23
1998,12,4,1,2
1998,12,4,3,10
1998,12,4,4,90
1998,14,4,1,9
1998,14,4,3,19
1998,14,4,4,139
1998,18,4,1,2
1998,18,4,4,21
1998,21,4,3,5
1998,21,4,4,32
1998,22,4,2,3
1998,22,4,3,6
1998,23,4,4,22
1998,24,4,4,33
1998,25,4,2,5
1998,25,4,3,3
1998,25,4,4,45
1998,0,2,1,4
1998,0,2,2,95
1998,0,2,3,324
1998,0,2,4,9179
1998,1,2,2,18
1998,1,2,3,93
1998,1,2,4,1173
1998,3,2,2,3
1998,3,2,3,7
1998,3,2,4,1632
1998,4,2,2,1
1998,4,2,3,9
1998,4,2,4,218
1998,5,2,1,1
1998,5,2,2,4
1998,5,2,3,18
1998,5,2,4,409
1998,6,2,2,1
1998,6,2,3,10
1998,6,2,4,199
1998,7,2,2,1
1998,7,2,3,3
1998,7,2,4,434
1998,8,2,2,1
1998,8,2,3,7
1998,8,2,4,164
1998,9,2,2,2
1998,9,2,3,2
1998,9,2,4,25
1998,10,2,2,2
1998,10,2,3,2
1998,10,2,4,380
1998,12,2,1,1
1998,12,2,2,22
1998,12,2,3,45
1998,12,2,4,1168
1998,13,2,2,4
1998,13,2,3,12
1998,13,2,4,254
1998,14,2,2,11
1998,14,2,3,42
1998,14,2,4,1030
1998,17,2,1,1
1998,17,2,2,2
1998,17,2,3,9
1998,17,2,4,1662
1998,18,2,2,2
1998,18,2,3,7
1998,18,2,4,258
1998,19,2,3,6
1998,19,2,4,172
1998,20,2,2,4
1998,20,2,3,13
1998,20,2,4,277
1998,21,2,2,6
1998,21,2,3,10
1998,21,2,4,350
1998,22,2,2,3
1998,22,2,3,8
1998,22,2,4,309
1998,23,2,2,1
1998,23,2,3,8
1998,23,2,4,119
1998,24,2,2,4
1998,24,2,3,5
1998,24,2,4,145
1998,25,2,2,3
1998,25,2,3,8
1998,25,2,4,545
1998,0,3,1,5
1998,0,3,2,17
1998,0,3,3,25
1998,0,3,4,149
1998,1,3,1,1
1998,1,3,2,6
1998,1,3,3,7
1998,1,3,4,46
1998,3,3,2,1
1998,3,3,3,2
1998,4,3,4,4
1998,5,3,3,1
1998,5,3,4,11
1998,6,3,3,1
1998,6,3,4,5
1998,8,3,2,2
1998,8,3,3,1
1998,9,3,4,4
1998,10,3,2,1
1998,10,3,4,1
1998,12,3,2,3
1998,12,3,3,2
1998,12,3,4,17
1998,13,3,2,1
1998,13,3,3,1
1998,13,3,4,2
1998,14,3,2,2
1998,14,3,3,4
1998,14,3,4,20
1998,17,3,1,2
1998,17,3,4,6
1998,18,3,2,1
1998,18,3,3,2
1998,18,3,4,7
1998,19,3,1,2
1998,19,3,4,2
1998,20,3,3,3
1998,20,3,4,7
1998,21,3,3,1
1998,21,3,4,2
1998,23,3,4,2
1998,24,3,4,2
1998,25,3,4,10
1999,20,2,1,1
1999,4,1,2,2
1999,10,1,2,2
1999,13,1,2,1
1999,23,1,3,7
1999,21,1,2,3
1999,9,1,2,1
1999,10,1,3,8
1999,17,1,3,25
1999,18,1,3,19
1999,6,1,2,5
1999,22,1,3,14
1999,3,1,3,19
1999,8,1,2,3
1999,3,1,1,12
1999,3,1,2,6
1999,7,1,1,10
1999,7,1,2,2
1999,8,1,3,19
1999,9,1,1,4
1999,9,1,3,3
1999,20,1,1,9
1999,21,1,3,20
1999,23,1,1,5
1999,0,1,1,438
1999,0,1,2,113
1999,0,1,3,592
1999,0,1,4,172052
1999,1,1,1,106
1999,1,1,2,24
1999,1,1,3,148
1999,1,1,4,27785
1999,3,1,4,6340
1999,4,1,1,9
1999,4,1,3,14
1999,4,1,4,5651
1999,5,1,1,23
1999,5,1,2,5
1999,5,1,3,19
1999,5,1,4,8453
1999,6,1,1,15
1999,6,1,3,21
1999,6,1,4,7673
1999,7,1,3,19
1999,7,1,4,3749
1999,8,1,1,21
1999,8,1,4,4480
1999,9,1,4,2640
1999,10,1,1,8
1999,10,1,4,3613
1999,12,1,1,54
1999,12,1,2,18
1999,12,1,3,69
1999,12,1,4,21551
1999,13,1,1,7
1999,13,1,3,14
1999,13,1,4,6538
1999,14,1,1,64
1999,14,1,2,14
1999,14,1,3,93
1999,14,1,4,28696
1999,17,1,1,12
1999,17,1,2,7
1999,17,1,4,6669
1999,18,1,1,17
1999,18,1,2,2
1999,18,1,4,5771
1999,19,1,1,12
1999,19,1,2,4
1999,19,1,3,21
1999,19,1,4,4523
1999,20,1,2,4
1999,20,1,3,11
1999,20,1,4,8161
1999,21,1,1,9
1999,21,1,4,6211
1999,22,1,1,13
1999,22,1,2,2
1999,22,1,4,5295
1999,23,1,4,3398
1999,24,1,1,10
1999,24,1,2,2
1999,24,1,3,13
1999,24,1,4,5341
1999,25,1,1,18
1999,25,1,2,6
1999,25,1,3,16
1999,25,1,4,5842
1999,13,4,2,2
1999,10,4,3,2
1999,1,4,1,11
1999,3,4,2,7
1999,3,4,3,2
1999,4,4,2,2
1999,4,4,3,3
1999,5,4,1,10
1999,5,4,2,4
1999,5,4,3,3
1999,6,4,2,4
1999,7,4,2,2
1999,7,4,3,2
1999,7,4,4,20
1999,8,4,2,1
1999,8,4,4,24
1999,9,4,1,1
1999,9,4,3,2
1999,9,4,4,6
1999,10,4,2,1
1999,10,4,4,12
1999,12,4,1,4
1999,12,4,3,13
1999,13,4,1,2
1999,13,4,3,2
1999,13,4,4,54
1999,14,4,1,6
1999,17,4,3,6
1999,18,4,2,2
1999,18,4,4,24
1999,19,4,2,3
1999,19,4,3,1
1999,20,4,2,5
1999,20,4,3,5
1999,21,4,2,2
1999,22,4,1,1
1999,22,4,2,3
1999,23,4,2,3
1999,23,4,3,2
1999,24,4,2,5
1999,24,4,3,3
1999,25,4,1,2
1999,25,4,2,3
1999,25,4,3,4
1999,3,4,4,31
1999,12,4,2,7
1999,0,4,1,40
1999,0,4,2,87
1999,0,4,3,96
1999,0,4,4,834
1999,1,4,2,13
1999,1,4,3,13
1999,1,4,4,84
1999,4,4,1,1
1999,4,4,4,23
1999,5,4,4,91
1999,6,4,1,1
1999,6,4,3,2
1999,6,4,4,30
1999,7,4,1,1
1999,12,4,4,84
1999,14,4,2,13
1999,14,4,3,18
1999,14,4,4,145
1999,17,4,2,5
1999,17,4,4,39
1999,18,4,3,4
1999,19,4,4,47
1999,20,4,4,30
1999,21,4,3,4
1999,21,4,4,16
1999,22,4,3,5
1999,22,4,4,51
1999,23,4,4,14
1999,24,4,4,22
1999,25,4,4,39
1999,0,2,1,4
1999,0,2,2,126
1999,0,2,3,320
1999,0,2,4,10358
1999,1,2,2,21
1999,1,2,3,79
1999,1,2,4,1982
1999,3,2,2,5
1999,3,2,3,8
1999,3,2,4,259
1999,4,2,2,3
1999,4,2,3,7
1999,4,2,4,286
1999,5,2,2,3
1999,5,2,3,12
1999,5,2,4,407
1999,6,2,2,9
1999,6,2,3,8
1999,6,2,4,227
1999,7,2,2,1
1999,7,2,3,5
1999,7,2,4,118
1999,8,2,2,3
1999,8,2,3,6
1999,8,2,4,168
1999,9,2,2,1
1999,9,2,3,4
1999,9,2,4,731
1999,10,2,2,1
1999,10,2,3,9
1999,10,2,4,154
1999,12,2,2,14
1999,12,2,3,42
1999,12,2,4,1396
1999,13,2,2,3
1999,13,2,3,9
1999,13,2,4,272
1999,14,2,1,1
1999,14,2,2,23
1999,14,2,3,53
1999,14,2,4,1885
1999,17,2,2,6
1999,17,2,3,8
1999,17,2,4,280
1999,18,2,2,3
1999,18,2,3,9
1999,18,2,4,320
1999,19,2,2,4
1999,19,2,3,9
1999,19,2,4,171
1999,20,2,2,4
1999,20,2,3,8
1999,20,2,4,186
1999,21,2,2,2
1999,21,2,3,11
1999,21,2,4,670
1999,22,2,1,1
1999,22,2,2,7
1999,22,2,3,8
1999,22,2,4,384
1999,23,2,2,4
1999,23,2,3,7
1999,23,2,4,106
1999,24,2,2,3
1999,24,2,3,5
1999,24,2,4,494
1999,25,2,1,1
1999,25,2,2,6
1999,25,2,3,13
1999,25,2,4,374
1999,0,3,1,3
1999,0,3,2,12
1999,0,3,3,36
1999,0,3,4,165
1999,1,3,1,2
1999,1,3,2,1
1999,1,3,3,8
1999,1,3,4,31
1999,4,3,2,1
1999,4,3,3,2
1999,4,3,4,3
1999,5,3,3,4
1999,5,3,4,14
1999,6,3,2,2
1999,6,3,3,2
1999,6,3,4,6
1999,8,3,3,1
1999,8,3,4,9
1999,9,3,3,2
1999,9,3,4,2
1999,12,3,2,3
1999,12,3,3,8
1999,12,3,4,24
1999,13,3,4,38
1999,14,3,2,1
1999,14,3,3,3
1999,14,3,4,18
1999,17,3,3,2
1999,17,3,4,4
1999,18,3,2,1
1999,18,3,4,4
1999,19,3,4,11
1999,20,3,3,1
1999,20,3,4,3
1999,21,3,3,1
1999,21,3,4,3
1999,22,3,2,1
1999,22,3,4,5
1999,23,3,3,1
1999,23,3,4,1
1999,24,3,1,1
1999,24,3,2,1
1999,24,3,4,10
1999,25,3,2,1
1999,25,3,3,1
1999,25,3,4,4
2000,22,1,2,2
2000,12,2,1,1
2000,5,1,2,4
2000,3,1,2,7
2000,4,1,2,6
2000,6,1,3,19
2000,8,1,2,5
2000,18,1,2,5
2000,21,1,2,3
2000,23,1,2,1
2000,6,1,2,7
2000,9,1,2,1
2000,10,1,3,9
2000,25,1,3,13
2000,20,1,3,15
2000,22,1,3,8
2000,17,1,3,15
2000,3,1,1,13
2000,5,1,1,14
2000,5,1,3,25
2000,7,1,1,5
2000,9,1,1,5
2000,10,1,1,4
2000,17,1,1,10
2000,17,1,2,4
2000,18,1,3,13
2000,20,1,2,4
2000,21,1,3,9
2000,23,1,3,10
2000,0,1,1,439
2000,0,1,2,129
2000,0,1,3,522
2000,0,1,4,167620
2000,1,1,1,106
2000,1,1,2,26
2000,1,1,3,117
2000,1,1,4,25767
2000,3,1,3,15
2000,3,1,4,8887
2000,4,1,1,11
2000,4,1,3,17
2000,4,1,4,5242
2000,5,1,4,8208
2000,6,1,1,20
2000,6,1,4,6176
2000,7,1,2,2
2000,7,1,3,12
2000,7,1,4,4191
2000,8,1,1,16
2000,8,1,3,14
2000,8,1,4,3890
2000,9,1,3,2
2000,9,1,4,819
2000,10,1,4,7403
2000,12,1,1,44
2000,12,1,2,11
2000,12,1,3,79
2000,12,1,4,21187
2000,13,1,1,13
2000,13,1,2,5
2000,13,1,3,18
2000,13,1,4,9868
2000,14,1,1,62
2000,14,1,2,19
2000,14,1,3,81
2000,14,1,4,26487
2000,17,1,4,6598
2000,18,1,1,15
2000,18,1,4,8748
2000,19,1,1,15
2000,19,1,2,4
2000,19,1,3,17
2000,19,1,4,4964
2000,20,1,1,17
2000,20,1,4,5707
2000,21,1,1,14
2000,21,1,4,6910
2000,22,1,1,11
2000,22,1,4,5898
2000,23,1,1,9
2000,23,1,4,3713
2000,24,1,1,17
2000,24,1,2,6
2000,24,1,3,14
2000,24,1,4,5774
2000,25,1,1,18
2000,25,1,2,7
2000,25,1,4,5320
2000,5,4,1,1
2000,18,4,1,1
2000,20,4,1,1
2000,24,4,1,1
2000,3,4,1,2
2000,5,4,3,1
2000,9,4,3,1
2000,13,4,2,2
2000,14,4,1,2
2000,13,4,1,1
2000,21,4,2,1
2000,1,4,1,4
2000,3,4,3,5
2000,4,4,2,1
2000,4,4,3,5
2000,4,4,4,18
2000,5,4,2,4
2000,5,4,4,26
2000,6,4,2,5
2000,6,4,3,4
2000,7,4,2,4
2000,7,4,3,2
2000,8,4,1,2
2000,8,4,2,3
2000,8,4,3,3
2000,9,4,2,1
2000,9,4,4,6
2000,10,4,2,4
2000,12,4,1,2
2000,13,4,3,2
2000,14,4,3,18
2000,17,4,3,8
2000,18,4,2,5
2000,18,4,3,4
2000,19,4,2,3
2000,19,4,3,3
2000,20,4,2,1
2000,20,4,3,4
2000,21,4,1,1
2000,21,4,3,6
2000,22,4,1,1
2000,22,4,2,3
2000,23,4,2,2
2000,24,4,2,3
2000,24,4,3,3
2000,10,4,3,2
2000,12,4,3,15
2000,0,4,1,20
2000,0,4,2,120
2000,0,4,3,117
2000,0,4,4,902
2000,1,4,2,17
2000,1,4,3,23
2000,1,4,4,134
2000,3,4,2,5
2000,3,4,4,33
2000,6,4,4,35
2000,7,4,4,28
2000,8,4,4,31
2000,10,4,4,23
2000,12,4,2,25
2000,12,4,4,118
2000,13,4,4,47
2000,14,4,2,19
2000,14,4,4,128
2000,17,4,2,7
2000,17,4,4,57
2000,18,4,4,40
2000,19,4,4,29
2000,20,4,4,14
2000,21,4,4,44
2000,22,4,3,3
2000,22,4,4,34
2000,23,4,1,1
2000,23,4,3,3
2000,23,4,4,17
2000,24,4,4,38
2000,25,4,2,5
2000,25,4,3,2
2000,25,4,4,42
2000,0,2,1,3
2000,0,2,2,109
2000,0,2,3,327
2000,0,2,4,10143
2000,1,2,2,25
2000,1,2,3,69
2000,1,2,4,1782
2000,3,2,1,1
2000,3,2,2,9
2000,3,2,3,7
2000,3,2,4,153
2000,4,2,2,2
2000,4,2,3,1
2000,4,2,4,459
2000,5,2,2,2
2000,5,2,3,14
2000,5,2,4,283
2000,6,2,2,1
2000,6,2,3,9
2000,6,2,4,240
2000,7,2,3,4
2000,7,2,4,903
2000,8,2,1,1
2000,8,2,2,3
2000,8,2,3,6
2000,8,2,4,150
2000,9,2,2,4
2000,9,2,3,1
2000,9,2,4,263
2000,10,2,2,2
2000,10,2,3,4
2000,10,2,4,148
2000,12,2,2,20
2000,12,2,3,68
2000,12,2,4,1357
2000,13,2,2,2
2000,13,2,3,7
2000,13,2,4,267
2000,14,2,2,18
2000,14,2,3,59
2000,14,2,4,1861
2000,17,2,2,4
2000,17,2,3,8
2000,17,2,4,201
2000,18,2,3,5
2000,18,2,4,597
2000,19,2,2,1
2000,19,2,3,12
2000,19,2,4,237
2000,20,2,2,1
2000,20,2,3,12
2000,20,2,4,385
2000,21,2,2,3
2000,21,2,3,11
2000,21,2,4,348
2000,22,2,2,4
2000,22,2,3,5
2000,22,2,4,321
2000,23,2,2,1
2000,23,2,3,5
2000,23,2,4,156
2000,24,2,3,10
2000,24,2,4,322
2000,25,2,2,7
2000,25,2,3,10
2000,25,2,4,389
2000,0,3,1,5
2000,0,3,2,15
2000,0,3,3,22
2000,0,3,4,138
2000,1,3,2,3
2000,1,3,3,9
2000,1,3,4,34
2000,4,3,2,1
2000,4,3,4,3
2000,5,3,2,1
2000,5,3,3,1
2000,5,3,4,6
2000,7,3,3,1
2000,7,3,4,1
2000,8,3,1,1
2000,8,3,4,3
2000,10,3,4,6
2000,12,3,3,3
2000,12,3,4,6
2000,13,3,4,10
2000,14,3,2,5
2000,14,3,3,5
2000,14,3,4,34
2000,17,3,1,2
2000,17,3,2,1
2000,17,3,3,1
2000,17,3,4,8
2000,18,3,2,2
2000,18,3,4,6
2000,19,3,2,1
2000,19,3,4,7
2000,20,3,4,16
2000,21,3,1,1
2000,21,3,4,3
2000,22,3,3,1
2000,22,3,4,5
2000,24,3,2,1
2000,24,3,4,1
2000,25,3,1,1
2000,25,3,3,1
2000,25,3,4,2
2001,18,1,2,1
2001,23,1,1,2
2001,25,1,2,4
2001,21,2,1,1
2001,22,2,1,1
2001,13,1,2,1
2001,18,1,3,16
2001,21,1,2,5
2001,23,1,3,8
2001,24,1,3,10
2001,7,1,2,5
2001,8,1,2,4
2001,9,1,3,4
2001,17,1,3,10
2001,3,1,1,25
2001,3,1,2,3
2001,3,1,3,14
2001,5,1,1,19
2001,6,1,2,6
2001,9,1,1,7
2001,10,1,1,9
2001,13,1,3,14
2001,20,1,1,12
2001,20,1,2,10
2001,20,1,3,11
2001,21,1,1,18
2001,22,1,1,9
2001,22,1,2,3
2001,23,1,2,2
2001,0,1,1,465
2001,0,1,2,115
2001,0,1,3,513
2001,0,1,4,167998
2001,1,1,1,93
2001,1,1,2,14
2001,1,1,3,124
2001,1,1,4,25677
2001,3,1,4,7173
2001,4,1,1,16
2001,4,1,2,3
2001,4,1,3,11
2001,4,1,4,7836
2001,5,1,2,7
2001,5,1,3,21
2001,5,1,4,7846
2001,6,1,1,22
2001,6,1,3,18
2001,6,1,4,6936
2001,7,1,1,8
2001,7,1,3,12
2001,7,1,4,3841
2001,8,1,1,15
2001,8,1,3,18
2001,8,1,4,3518
2001,9,1,4,4551
2001,10,1,3,6
2001,10,1,4,4824
2001,12,1,1,54
2001,12,1,2,17
2001,12,1,3,70
2001,12,1,4,20648
2001,13,1,1,10
2001,13,1,4,7062
2001,14,1,1,82
2001,14,1,2,17
2001,14,1,3,81
2001,14,1,4,27652
2001,17,1,1,13
2001,17,1,2,4
2001,17,1,4,6442
2001,18,1,1,13
2001,18,1,4,6455
2001,19,1,1,12
2001,19,1,3,17
2001,19,1,4,4783
2001,20,1,4,6230
2001,21,1,3,14
2001,21,1,4,6562
2001,22,1,3,12
2001,22,1,4,5397
2001,23,1,4,3171
2001,24,1,1,15
2001,24,1,2,9
2001,24,1,4,5248
2001,25,1,1,11
2001,25,1,3,22
2001,25,1,4,7535
2001,12,4,1,2
2001,23,4,1,1
2001,1,4,1,3
2001,4,4,1,1
2001,3,4,3,1
2001,10,4,3,1
2001,3,4,2,3
2001,4,4,2,4
2001,4,4,3,4
2001,5,4,1,1
2001,5,4,2,4
2001,5,4,3,3
2001,5,4,4,38
2001,6,4,1,1
2001,6,4,2,4
2001,7,4,3,2
2001,7,4,4,16
2001,8,4,1,1
2001,8,4,2,3
2001,8,4,3,5
2001,9,4,2,1
2001,9,4,4,9
2001,10,4,1,1
2001,10,4,2,3
2001,10,4,4,14
2001,13,4,2,3
2001,13,4,3,1
2001,17,4,1,1
2001,17,4,2,5
2001,17,4,3,6
2001,18,4,2,5
2001,19,4,1,1
2001,19,4,2,3
2001,19,4,3,5
2001,19,4,4,21
2001,20,4,1,1
2001,23,4,2,2
2001,23,4,3,3
2001,23,4,4,18
2001,24,4,2,1
2001,24,4,3,5
2001,25,4,1,3
2001,25,4,2,1
2001,6,4,3,10
2001,12,4,3,11
2001,8,4,4,28
2001,12,4,2,14
2001,22,4,3,6
2001,22,4,1,3
2001,0,4,1,22
2001,0,4,2,121
2001,0,4,3,130
2001,0,4,4,892
2001,1,4,2,20
2001,1,4,3,32
2001,1,4,4,126
2001,3,4,4,30
2001,4,4,4,35
2001,6,4,4,65
2001,9,4,3,1
2001,12,4,4,72
2001,13,4,4,49
2001,14,4,1,2
2001,14,4,2,25
2001,14,4,3,16
2001,14,4,4,143
2001,17,4,4,86
2001,18,4,3,4
2001,18,4,4,39
2001,20,4,2,11
2001,20,4,3,4
2001,20,4,4,42
2001,21,4,2,2
2001,21,4,3,5
2001,21,4,4,33
2001,22,4,2,7
2001,22,4,4,29
2001,24,4,4,29
2001,25,4,3,5
2001,25,4,4,54
2001,0,2,1,7
2001,0,2,2,81
2001,0,2,3,254
2001,0,2,4,10606
2001,1,2,1,1
2001,1,2,2,18
2001,1,2,3,54
2001,1,2,4,1813
2001,3,2,2,6
2001,3,2,3,9
2001,3,2,4,279
2001,4,2,2,1
2001,4,2,3,11
2001,4,2,4,174
2001,5,2,2,5
2001,5,2,3,12
2001,5,2,4,298
2001,6,2,2,3
2001,6,2,3,12
2001,6,2,4,264
2001,7,2,3,4
2001,7,2,4,114
2001,8,2,2,1
2001,8,2,3,7
2001,8,2,4,1387
2001,9,2,3,3
2001,9,2,4,53
2001,10,2,2,1
2001,10,2,3,3
2001,10,2,4,172
2001,12,2,1,1
2001,12,2,2,12
2001,12,2,3,30
2001,12,2,4,822
2001,13,2,2,1
2001,13,2,3,6
2001,13,2,4,1453
2001,14,2,1,2
2001,14,2,2,13
2001,14,2,3,47
2001,14,2,4,1153
2001,17,2,2,4
2001,17,2,3,11
2001,17,2,4,1932
2001,18,2,2,6
2001,18,2,3,7
2001,18,2,4,413
2001,19,2,2,1
2001,19,2,3,4
2001,19,2,4,116
2001,20,2,2,4
2001,20,2,3,5
2001,20,2,4,493
2001,21,2,2,1
2001,21,2,3,4
2001,21,2,4,406
2001,22,2,3,4
2001,22,2,4,427
2001,23,2,1,1
2001,23,2,3,3
2001,23,2,4,168
2001,24,2,2,2
2001,24,2,3,7
2001,24,2,4,309
2001,25,2,2,2
2001,25,2,3,11
2001,25,2,4,343
2001,0,3,1,6
2001,0,3,2,13
2001,0,3,3,18
2001,0,3,4,135
2001,1,3,1,1
2001,1,3,2,5
2001,1,3,3,3
2001,1,3,4,31
2001,3,3,2,1
2001,3,3,4,1
2001,4,3,2,1
2001,4,3,3,2
2001,4,3,4,8
2001,5,3,4,6
2001,6,3,4,2
2001,7,3,4,1
2001,8,3,4,29
2001,12,3,1,3
2001,12,3,2,1
2001,12,3,3,5
2001,12,3,4,19
2001,14,3,1,1
2001,14,3,2,3
2001,14,3,3,6
2001,14,3,4,30
2001,17,3,1,1
2001,18,3,4,2
2001,19,3,3,1
2001,19,3,4,3
2001,20,3,2,1
2001,20,3,4,3
2001,21,3,4,6
2001,22,3,2,1
2001,23,3,4,2
2001,24,3,3,1
2001,25,3,4,4
2002,13,1,2,2
2002,22,1,2,3
2002,14,2,1,1
2002,20,2,1,1
2002,8,1,2,1
2002,9,1,3,2
2002,24,1,2,5
2002,5,1,2,8
2002,7,1,3,10
2002,18,1,2,5
2002,8,1,3,12
2002,13,1,3,8
2002,17,1,2,3
2002,21,1,2,7
2002,24,1,3,15
2002,23,1,3,6
2002,3,1,2,2
2002,5,1,3,30
2002,6,1,2,4
2002,7,1,1,13
2002,9,1,1,3
2002,10,1,1,4
2002,10,1,2,2
2002,13,1,1,7
2002,14,1,2,15
2002,17,1,1,9
2002,19,1,2,6
2002,20,1,3,23
2002,21,1,1,10
2002,21,1,3,11
2002,22,1,1,12
2002,22,1,3,15
2002,23,1,1,7
2002,23,1,2,2
2002,0,1,1,434
2002,0,1,2,125
2002,0,1,3,506
2002,0,1,4,169441
2002,1,1,1,94
2002,1,1,2,22
2002,1,1,3,126
2002,1,1,4,27549
2002,3,1,1,24
2002,3,1,3,12
2002,3,1,4,6980
2002,4,1,1,14
2002,4,1,2,8
2002,4,1,3,18
2002,4,1,4,5978
2002,5,1,1,20
2002,5,1,4,7590
2002,6,1,1,19
2002,6,1,3,10
2002,6,1,4,6956
2002,7,1,4,3553
2002,8,1,1,6
2002,8,1,4,4838
2002,9,1,4,1207
2002,10,1,3,6
2002,10,1,4,4855
2002,12,1,1,45
2002,12,1,2,21
2002,12,1,3,69
2002,12,1,4,20043
2002,13,1,4,8405
2002,14,1,1,63
2002,14,1,3,73
2002,14,1,4,27515
2002,17,1,3,16
2002,17,1,4,6655
2002,18,1,1,10
2002,18,1,3,14
2002,18,1,4,6370
2002,19,1,1,24
2002,19,1,3,14
2002,19,1,4,5317
2002,20,1,1,18
2002,20,1,2,7
2002,20,1,4,7790
2002,21,1,4,6637
2002,22,1,4,4106
2002,23,1,4,7224
2002,24,1,1,16
2002,24,1,4,4946
2002,25,1,1,16
2002,25,1,2,2
2002,25,1,3,16
2002,25,1,4,6117
2002,1,4,1,1
2002,3,4,2,5
2002,3,4,3,6
2002,3,4,4,31
2002,4,4,2,6
2002,6,4,1,1
2002,6,4,2,4
2002,6,4,3,2
2002,7,4,2,1
2002,8,4,1,2
2002,8,4,2,4
2002,9,4,3,2
2002,9,4,4,6
2002,10,4,2,1
2002,10,4,4,18
2002,12,4,1,3
2002,12,4,2,10
2002,12,4,3,14
2002,13,4,2,6
2002,13,4,3,1
2002,13,4,4,51
2002,14,4,3,17
2002,17,4,2,5
2002,18,4,2,4
2002,19,4,2,2
2002,19,4,3,3
2002,20,4,2,2
2002,20,4,3,4
2002,20,4,4,25
2002,21,4,4,23
2002,22,4,2,5
2002,22,4,3,2
2002,23,4,4,24
2002,24,4,3,3
2002,1,4,2,17
2002,4,4,3,1
2002,8,4,3,2
2002,25,4,1,5
2002,0,4,1,19
2002,0,4,2,117
2002,0,4,3,110
2002,0,4,4,819
2002,1,4,3,26
2002,1,4,4,104
2002,4,4,4,25
2002,5,4,2,5
2002,5,4,3,4
2002,5,4,4,33
2002,6,4,4,71
2002,7,4,3,3
2002,7,4,4,9
2002,8,4,4,27
2002,12,4,4,80
2002,14,4,1,7
2002,14,4,2,21
2002,14,4,4,132
2002,17,4,3,6
2002,17,4,4,66
2002,18,4,3,5
2002,18,4,4,33
2002,19,4,4,30
2002,21,4,2,3
2002,21,4,3,6
2002,22,4,4,21
2002,24,4,2,10
2002,24,4,4,64
2002,25,4,2,6
2002,25,4,3,3
2002,25,4,4,47
2002,0,2,1,9
2002,0,2,2,109
2002,0,2,3,252
2002,0,2,4,11548
2002,1,2,1,2
2002,1,2,2,16
2002,1,2,3,64
2002,1,2,4,1191
2002,3,2,1,1
2002,3,2,2,4
2002,3,2,3,11
2002,3,2,4,1869
2002,4,2,2,2
2002,4,2,3,7
2002,4,2,4,367
2002,5,2,2,11
2002,5,2,3,14
2002,5,2,4,300
2002,6,2,1,1
2002,6,2,2,7
2002,6,2,3,10
2002,6,2,4,246
2002,7,2,2,2
2002,7,2,3,5
2002,7,2,4,140
2002,8,2,1,1
2002,8,2,2,4
2002,8,2,3,5
2002,8,2,4,208
2002,9,2,2,1
2002,9,2,3,2
2002,9,2,4,38
2002,10,2,2,1
2002,10,2,3,7
2002,10,2,4,1430
2002,12,2,2,18
2002,12,2,3,31
2002,12,2,4,871
2002,13,2,2,3
2002,13,2,3,4
2002,13,2,4,1520
2002,14,2,2,23
2002,14,2,3,38
2002,14,2,4,1217
2002,17,2,3,6
2002,17,2,4,208
2002,18,2,2,3
2002,18,2,3,4
2002,18,2,4,272
2002,19,2,1,1
2002,19,2,2,3
2002,19,2,3,3
2002,19,2,4,2689
2002,20,2,2,2
2002,20,2,3,4
2002,20,2,4,262
2002,21,2,2,1
2002,21,2,3,9
2002,21,2,4,852
2002,22,2,1,1
2002,22,2,2,3
2002,22,2,3,7
2002,22,2,4,193
2002,23,2,3,3
2002,23,2,4,457
2002,24,2,2,4
2002,24,2,3,7
2002,24,2,4,323
2002,25,2,2,1
2002,25,2,3,11
2002,25,2,4,474
2002,0,3,1,6
2002,0,3,2,15
2002,0,3,3,26
2002,0,3,4,153
2002,1,3,1,2
2002,1,3,2,3
2002,1,3,3,8
2002,1,3,4,35
2002,3,3,3,3
2002,3,3,4,9
2002,4,3,3,1
2002,4,3,4,1
2002,5,3,1,3
2002,5,3,2,1
2002,5,3,3,1
2002,5,3,4,7
2002,7,3,4,10
2002,8,3,3,2
2002,8,3,4,6
2002,12,3,2,2
2002,12,3,3,1
2002,12,3,4,7
2002,13,3,2,1
2002,13,3,4,1
2002,14,3,2,5
2002,14,3,3,2
2002,14,3,4,31
2002,17,3,3,1
2002,17,3,4,9
2002,18,3,1,1
2002,18,3,3,1
2002,18,3,4,6
2002,19,3,2,1
2002,19,3,3,2
2002,19,3,4,11
2002,20,3,2,1
2002,20,3,3,2
2002,20,3,4,7
2002,22,3,3,1
2002,22,3,4,3
2002,23,3,3,1
2002,23,3,4,3
2002,24,3,2,1
2002,24,3,4,3
2002,25,3,4,11
2003,19,1,2,1
2003,24,1,2,1
2003,8,1,2,4
2003,13,2,1,1
2003,5,1,2,1
2003,7,1,2,1
2003,4,1,2,5
2003,17,1,2,3
2003,17,1,3,14
2003,23,1,3,7
2003,9,1,2,1
2003,3,1,2,3
2003,3,1,3,19
2003,5,1,3,20
2003,10,1,3,6
2003,13,1,3,12
2003,18,1,3,19
2003,8,1,3,8
2003,3,1,1,12
2003,6,1,2,7
2003,7,1,1,7
2003,9,1,1,2
2003,10,1,1,5
2003,17,1,1,7
2003,19,1,1,14
2003,20,1,3,7
2003,21,1,1,16
2003,21,1,2,3
2003,22,1,2,2
2003,23,1,1,5
2003,24,1,3,14
2003,25,1,3,17
2003,0,1,1,440
2003,0,1,2,134
2003,0,1,3,512
2003,0,1,4,167385
2003,1,1,1,88
2003,1,1,2,34
2003,1,1,3,112
2003,1,1,4,27418
2003,3,1,4,5573
2003,4,1,1,15
2003,4,1,3,16
2003,4,1,4,5089
2003,5,1,1,22
2003,5,1,4,8473
2003,6,1,1,17
2003,6,1,3,16
2003,6,1,4,6370
2003,7,1,3,11
2003,7,1,4,3354
2003,8,1,1,15
2003,8,1,4,5165
2003,9,1,3,6
2003,9,1,4,1213
2003,10,1,2,3
2003,10,1,4,4057
2003,12,1,1,58
2003,12,1,2,18
2003,12,1,3,70
2003,12,1,4,19932
2003,13,1,1,13
2003,13,1,2,6
2003,13,1,4,7584
2003,14,1,1,76
2003,14,1,2,24
2003,14,1,3,95
2003,14,1,4,25368
2003,17,1,4,12821
2003,18,1,1,15
2003,18,1,2,3
2003,18,1,4,5466
2003,19,1,3,14
2003,19,1,4,5178
2003,20,1,1,13
2003,20,1,2,6
2003,20,1,4,6608
2003,21,1,3,20
2003,21,1,4,5865
2003,22,1,1,13
2003,22,1,3,9
2003,22,1,4,5208
2003,23,1,4,3642
2003,24,1,1,12
2003,24,1,4,6093
2003,25,1,1,15
2003,25,1,2,8
2003,25,1,4,6647
2003,1,4,1,1
2003,8,4,1,1
2003,24,4,1,2
2003,25,4,1,1
2003,6,4,1,1
2003,9,4,4,2
2003,21,4,1,1
2003,4,4,2,1
2003,5,4,2,1
2003,8,4,2,1
2003,19,4,1,1
2003,20,4,2,2
2003,1,4,2,11
2003,3,4,1,1
2003,3,4,2,5
2003,5,4,3,5
2003,5,4,4,23
2003,6,4,2,2
2003,7,4,3,1
2003,8,4,3,2
2003,8,4,4,12
2003,9,4,2,1
2003,9,4,3,1
2003,10,4,4,13
2003,12,4,1,4
2003,12,4,3,18
2003,13,4,3,5
2003,13,4,4,21
2003,14,4,1,3
2003,17,4,1,1
2003,17,4,2,2
2003,17,4,3,6
2003,18,4,2,7
2003,18,4,3,1
2003,18,4,4,34
2003,22,4,3,7
2003,23,4,3,6
2003,25,4,2,6
2003,7,4,2,2
2003,12,4,2,18
2003,14,4,3,14
2003,6,4,4,30
2003,19,4,2,4
2003,19,4,4,14
2003,20,4,3,3
2003,24,4,2,4
2003,24,4,3,3
2003,0,4,1,19
2003,0,4,2,114
2003,0,4,3,113
2003,0,4,4,771
2003,1,4,3,21
2003,1,4,4,107
2003,3,4,3,4
2003,3,4,4,23
2003,4,4,3,3
2003,4,4,4,12
2003,6,4,3,6
2003,7,4,4,26
2003,9,4,1,2
2003,12,4,4,128
2003,14,4,2,17
2003,14,4,4,115
2003,17,4,4,21
2003,20,4,4,83
2003,21,4,2,9
2003,21,4,3,2
2003,21,4,4,35
2003,22,4,2,11
2003,22,4,4,32
2003,23,4,2,10
2003,23,4,4,29
2003,24,4,4,34
2003,25,4,3,5
2003,25,4,4,32
2003,0,2,1,4
2003,0,2,2,99
2003,0,2,3,256
2003,0,2,4,5949
2003,1,2,1,1
2003,1,2,2,14
2003,1,2,3,54
2003,1,2,4,1092
2003,3,2,2,4
2003,3,2,3,6
2003,3,2,4,169
2003,4,2,2,2
2003,4,2,3,5
2003,4,2,4,172
2003,5,2,2,4
2003,5,2,3,11
2003,5,2,4,282
2003,6,2,2,2
2003,6,2,3,10
2003,6,2,4,215
2003,7,2,2,2
2003,7,2,3,6
2003,7,2,4,10749
2003,8,2,2,5
2003,8,2,3,5
2003,8,2,4,147
2003,9,2,4,80
2003,10,2,2,3
2003,10,2,3,5
2003,10,2,4,403
2003,12,2,1,1
2003,12,2,2,15
2003,12,2,3,33
2003,12,2,4,1269
2003,13,2,2,10
2003,13,2,3,7
2003,13,2,4,282
2003,14,2,2,12
2003,14,2,3,37
2003,14,2,4,1743
2003,17,2,1,1
2003,17,2,2,7
2003,17,2,3,10
2003,17,2,4,304
2003,18,2,2,2
2003,18,2,3,12
2003,18,2,4,197
2003,19,2,3,5
2003,19,2,4,499
2003,20,2,2,3
2003,20,2,3,6
2003,20,2,4,405
2003,21,2,2,3
2003,21,2,3,8
2003,21,2,4,363
2003,22,2,2,4
2003,22,2,3,9
2003,22,2,4,413
2003,23,2,2,3
2003,23,2,3,5
2003,23,2,4,178
2003,24,2,2,1
2003,24,2,3,10
2003,24,2,4,293
2003,25,2,2,3
2003,25,2,3,12
2003,25,2,4,371
2003,0,3,1,2
2003,0,3,2,13
2003,0,3,3,20
2003,0,3,4,127
2003,1,3,2,2
2003,1,3,3,8
2003,1,3,4,30
2003,3,3,2,1
2003,3,3,4,3
2003,4,3,3,1
2003,4,3,4,5
2003,5,3,3,1
2003,5,3,4,2
2003,6,3,4,4
2003,7,3,2,1
2003,7,3,4,7
2003,8,3,2,1
2003,8,3,4,2
2003,10,3,4,4
2003,12,3,2,3
2003,12,3,4,9
2003,13,3,4,16
2003,14,3,2,3
2003,14,3,3,6
2003,14,3,4,21
2003,17,3,1,1
2003,17,3,4,1
2003,18,3,3,1
2003,18,3,4,4
2003,19,3,4,12
2003,20,3,1,1
2003,20,3,3,2
2003,20,3,4,4
2003,21,3,4,10
2003,22,3,2,1
2003,22,3,4,3
2003,24,3,2,1
2003,24,3,3,1
2003,24,3,4,3
2003,25,3,4,5
2004,23,1,2,4
2004,10,1,2,2
2004,10,1,3,9
2004,20,1,2,5
2004,21,1,3,8
2004,7,1,3,7
2004,9,1,3,3
2004,20,1,3,14
2004,21,1,2,7
2004,3,1,1,14
2004,4,1,1,11
2004,4,1,3,13
2004,6,1,1,18
2004,6,1,2,6
2004,7,1,1,5
2004,9,1,1,6
2004,9,1,2,2
2004,13,1,2,3
2004,14,1,2,26
2004,18,1,2,5
2004,20,1,1,10
2004,22,1,3,14
2004,24,1,3,13
2004,25,1,1,10
2004,0,1,1,423
2004,0,1,2,145
2004,0,1,3,501
2004,0,1,4,161728
2004,1,1,1,92
2004,1,1,2,35
2004,1,1,3,116
2004,1,1,4,25104
2004,3,1,2,7
2004,3,1,3,16
2004,3,1,4,7312
2004,4,1,4,5607
2004,5,1,1,17
2004,5,1,2,8
2004,5,1,3,26
2004,5,1,4,8644
2004,6,1,3,14
2004,6,1,4,6449
2004,7,1,4,3626
2004,8,1,1,11
2004,8,1,2,5
2004,8,1,3,13
2004,8,1,4,5016
2004,9,1,4,1523
2004,10,1,1,6
2004,10,1,4,3009
2004,12,1,1,40
2004,12,1,2,16
2004,12,1,3,69
2004,12,1,4,20148
2004,13,1,1,13
2004,13,1,3,15
2004,13,1,4,7796
2004,14,1,1,95
2004,14,1,3,76
2004,14,1,4,26342
2004,17,1,1,9
2004,17,1,2,4
2004,17,1,3,20
2004,17,1,4,5644
2004,18,1,1,13
2004,18,1,3,11
2004,18,1,4,5456
2004,19,1,1,13
2004,19,1,3,16
2004,19,1,4,5250
2004,20,1,4,6655
2004,21,1,1,12
2004,21,1,4,5511
2004,22,1,1,12
2004,22,1,2,1
2004,22,1,4,5800
2004,23,1,1,6
2004,23,1,3,8
2004,23,1,4,4074
2004,24,1,1,10
2004,24,1,2,4
2004,24,1,4,4349
2004,25,1,2,5
2004,25,1,3,20
2004,25,1,4,6412
2004,18,4,1,1
2004,20,4,2,1
2004,22,4,1,1
2004,5,4,2,1
2004,1,4,1,4
2004,1,4,2,16
2004,4,4,2,1
2004,4,4,3,2
2004,5,4,3,1
2004,5,4,4,12
2004,6,4,2,4
2004,7,4,2,2
2004,7,4,3,1
2004,7,4,4,14
2004,8,4,3,1
2004,9,4,2,1
2004,9,4,4,3
2004,10,4,3,1
2004,10,4,4,48
2004,12,4,1,2
2004,12,4,2,15
2004,13,4,1,3
2004,13,4,3,1
2004,17,4,2,4
2004,17,4,3,3
2004,18,4,2,1
2004,18,4,3,2
2004,18,4,4,18
2004,19,4,2,2
2004,19,4,3,2
2004,20,4,1,2
2004,22,4,2,1
2004,23,4,2,1
2004,23,4,3,1
2004,24,4,2,5
2004,24,4,3,4
2004,25,4,2,4
2004,12,4,3,14
2004,6,4,3,5
2004,21,4,4,25
2004,0,4,1,17
2004,0,4,2,101
2004,0,4,3,87
2004,0,4,4,747
2004,1,4,3,13
2004,1,4,4,93
2004,3,4,2,5
2004,3,4,3,4
2004,3,4,4,31
2004,4,4,1,1
2004,4,4,4,29
2004,6,4,4,115
2004,8,4,1,2
2004,8,4,2,4
2004,8,4,4,18
2004,10,4,2,1
2004,12,4,4,111
2004,13,4,2,3
2004,13,4,4,44
2004,14,4,2,24
2004,14,4,3,15
2004,14,4,4,133
2004,17,4,4,12
2004,19,4,4,60
2004,20,4,3,9
2004,20,4,4,44
2004,21,4,2,5
2004,21,4,3,2
2004,22,4,4,14
2004,23,4,4,24
2004,24,4,1,1
2004,24,4,4,35
2004,25,4,3,6
2004,25,4,4,51
2004,0,2,1,7
2004,0,2,2,134
2004,0,2,3,241
2004,0,2,4,11064
2004,1,2,1,2
2004,1,2,2,17
2004,1,2,3,53
2004,1,2,4,1814
2004,3,2,2,6
2004,3,2,3,8
2004,3,2,4,216
2004,4,2,2,1
2004,4,2,3,6
2004,4,2,4,574
2004,5,2,2,7
2004,5,2,3,8
2004,5,2,4,541
2004,6,2,1,1
2004,6,2,2,6
2004,6,2,3,6
2004,6,2,4,383
2004,7,2,2,2
2004,7,2,3,1
2004,7,2,4,187
2004,8,2,1,1
2004,8,2,2,4
2004,8,2,3,6
2004,8,2,4,191
2004,9,2,1,1
2004,9,2,2,1
2004,9,2,3,3
2004,9,2,4,27
2004,10,2,2,1
2004,10,2,4,444
2004,12,2,2,14
2004,12,2,3,39
2004,12,2,4,1437
2004,13,2,2,5
2004,13,2,3,10
2004,13,2,4,319
2004,14,2,2,30
2004,14,2,3,40
2004,14,2,4,1237
2004,17,2,2,7
2004,17,2,3,9
2004,17,2,4,236
2004,18,2,1,1
2004,18,2,2,4
2004,18,2,3,3
2004,18,2,4,235
2004,19,2,2,7
2004,19,2,3,5
2004,19,2,4,2572
2004,20,2,2,3
2004,20,2,3,6
2004,20,2,4,395
2004,21,2,2,2
2004,21,2,3,13
2004,21,2,4,403
2004,22,2,2,6
2004,22,2,3,6
2004,22,2,4,380
2004,23,2,2,1
2004,23,2,3,4
2004,23,2,4,191
2004,24,2,1,1
2004,24,2,2,6
2004,24,2,3,4
2004,24,2,4,285
2004,25,2,2,4
2004,25,2,3,11
2004,25,2,4,431
2004,0,3,1,9
2004,0,3,2,12
2004,0,3,3,19
2004,0,3,4,154
2004,1,3,1,3
2004,1,3,2,1
2004,1,3,3,3
2004,1,3,4,29
2004,3,3,1,1
2004,3,3,2,2
2004,3,3,4,3
2004,4,3,3,1
2004,4,3,4,9
2004,5,3,1,2
2004,5,3,4,8
2004,6,3,2,1
2004,6,3,3,1
2004,6,3,4,12
2004,7,3,3,1
2004,7,3,4,5
2004,8,3,3,1
2004,8,3,4,7
2004,10,3,2,1
2004,10,3,4,1
2004,12,3,2,1
2004,12,3,3,5
2004,12,3,4,16
2004,13,3,2,2
2004,13,3,3,1
2004,13,3,4,5
2004,14,3,1,1
2004,14,3,2,1
2004,14,3,3,3
2004,14,3,4,25
2004,17,3,3,1
2004,17,3,4,5
2004,18,3,2,1
2004,18,3,4,7
2004,19,3,1,2
2004,19,3,4,2
2004,20,3,2,2
2004,20,3,3,1
2004,20,3,4,5
2004,21,3,4,2
2004,22,3,4,10
2004,25,3,3,1
2004,25,3,4,7
2005,18,1,2,3
2005,20,1,2,3
2005,22,1,2,1
2005,4,1,2,3
2005,10,1,3,6
2005,13,1,2,3
2005,19,1,2,2
2005,23,1,3,9
2005,5,1,2,3
2005,17,1,3,14
2005,25,1,2,6
2005,9,1,1,1
2005,8,1,1,10
2005,13,1,1,17
2005,14,1,2,16
2005,17,1,1,13
2005,17,1,2,3
2005,18,1,3,18
2005,19,1,1,13
2005,19,1,3,16
2005,22,1,1,8
2005,23,1,1,2
2005,23,1,2,1
2005,25,1,1,9
2005,25,1,3,8
2005,0,1,1,399
2005,0,1,2,112
2005,0,1,3,501
2005,0,1,4,162988
2005,1,1,1,91
2005,1,1,2,24
2005,1,1,3,94
2005,1,1,4,26087
2005,3,1,1,15
2005,3,1,2,2
2005,3,1,3,20
2005,3,1,4,9048
2005,4,1,1,19
2005,4,1,3,14
2005,4,1,4,4923
2005,5,1,1,14
2005,5,1,3,28
2005,5,1,4,7730
2005,6,1,1,18
2005,6,1,2,5
2005,6,1,3,18
2005,6,1,4,6232
2005,7,1,1,7
2005,7,1,3,12
2005,7,1,4,3288
2005,8,1,2,7
2005,8,1,3,9
2005,8,1,4,3489
2005,9,1,3,4
2005,9,1,4,4322
2005,10,1,1,13
2005,10,1,2,2
2005,10,1,4,4176
2005,12,1,1,47
2005,12,1,2,18
2005,12,1,3,72
2005,12,1,4,20108
2005,13,1,3,22
2005,13,1,4,6724
2005,14,1,1,59
2005,14,1,3,83
2005,14,1,4,25876
2005,17,1,4,7750
2005,18,1,1,10
2005,18,1,4,6082
2005,19,1,4,4886
2005,20,1,1,12
2005,20,1,3,14
2005,20,1,4,6237
2005,21,1,1,12
2005,21,1,2,6
2005,21,1,3,10
2005,21,1,4,5956
2005,22,1,3,14
2005,22,1,4,5021
2005,23,1,4,3539
2005,24,1,1,9
2005,24,1,2,4
2005,24,1,3,16
2005,24,1,4,5263
2005,25,1,4,7159
2005,4,4,1,1
2005,23,4,1,1
2005,25,4,1,1
2005,18,4,3,3
2005,19,4,2,1
2005,19,4,3,1
2005,21,4,3,1
2005,1,4,1,1
2005,3,4,2,4
2005,3,4,3,8
2005,3,4,4,57
2005,4,4,2,4
2005,4,4,3,3
2005,5,4,2,1
2005,5,4,3,6
2005,7,4,2,2
2005,7,4,3,4
2005,7,4,4,15
2005,8,4,3,1
2005,9,4,2,2
2005,9,4,4,2
2005,10,4,2,1
2005,10,4,3,1
2005,12,4,1,2
2005,12,4,2,15
2005,13,4,2,3
2005,13,4,3,3
2005,13,4,4,21
2005,14,4,1,2
2005,17,4,2,9
2005,17,4,3,5
2005,18,4,2,3
2005,18,4,4,24
2005,19,4,4,27
2005,20,4,2,3
2005,20,4,3,3
2005,22,4,3,1
2005,23,4,2,1
2005,25,4,3,1
2005,5,4,4,39
2005,6,4,2,7
2005,12,4,3,11
2005,14,4,3,16
2005,22,4,2,3
2005,22,4,4,14
2005,0,4,1,9
2005,0,4,2,91
2005,0,4,3,100
2005,0,4,4,715
2005,1,4,2,9
2005,1,4,3,16
2005,1,4,4,75
2005,4,4,4,26
2005,6,4,3,7
2005,6,4,4,20
2005,8,4,1,1
2005,8,4,4,19
2005,10,4,4,25
2005,12,4,4,93
2005,14,4,2,15
2005,14,4,4,105
2005,17,4,4,50
2005,20,4,4,36
2005,21,4,2,2
2005,21,4,4,61
2005,23,4,3,2
2005,23,4,4,28
2005,24,4,2,6
2005,24,4,3,7
2005,24,4,4,31
2005,25,4,4,23
2005,0,2,1,10
2005,0,2,2,107
2005,0,2,3,235
2005,0,2,4,11432
2005,1,2,1,3
2005,1,2,2,13
2005,1,2,3,50
2005,1,2,4,2060
2005,3,2,1,1
2005,3,2,2,3
2005,3,2,3,3
2005,3,2,4,269
2005,4,2,1,1
2005,4,2,2,1
2005,4,2,3,9
2005,4,2,4,206
2005,5,2,2,3
2005,5,2,3,4
2005,5,2,4,277
2005,6,2,2,3
2005,6,2,3,9
2005,6,2,4,1087
2005,7,2,2,2
2005,7,2,3,6
2005,7,2,4,159
2005,8,2,2,3
2005,8,2,3,8
2005,8,2,4,200
2005,9,2,3,2
2005,9,2,4,37
2005,10,2,2,1
2005,10,2,3,4
2005,10,2,4,720
2005,12,2,2,13
2005,12,2,3,30
2005,12,2,4,830
2005,13,2,1,1
2005,13,2,2,6
2005,13,2,3,7
2005,13,2,4,1490
2005,14,2,1,3
2005,14,2,2,20
2005,14,2,3,47
2005,14,2,4,1259
2005,17,2,2,6
2005,17,2,3,6
2005,17,2,4,2098
2005,18,2,2,3
2005,18,2,3,11
2005,18,2,4,288
2005,19,2,2,2
2005,19,2,3,5
2005,19,2,4,680
2005,20,2,2,6
2005,20,2,3,6
2005,20,2,4,348
2005,21,2,2,3
2005,21,2,3,3
2005,21,2,4,420
2005,22,2,2,5
2005,22,2,3,11
2005,22,2,4,239
2005,23,2,1,1
2005,23,2,2,2
2005,23,2,3,4
2005,23,2,4,569
2005,24,2,2,6
2005,24,2,3,2
2005,24,2,4,314
2005,25,2,2,6
2005,25,2,3,8
2005,25,2,4,314
2005,0,3,1,2
2005,0,3,2,11
2005,0,3,3,23
2005,0,3,4,128
2005,1,3,1,1
2005,1,3,2,2
2005,1,3,3,5
2005,1,3,4,36
2005,3,3,3,3
2005,3,3,4,3
2005,4,3,2,2
2005,4,3,3,1
2005,4,3,4,5
2005,5,3,1,1
2005,5,3,2,1
2005,5,3,4,3
2005,6,3,4,7
2005,7,3,3,1
2005,7,3,4,1
2005,8,3,3,1
2005,8,3,4,2
2005,9,3,4,2
2005,10,3,4,6
2005,12,3,2,1
2005,12,3,3,1
2005,12,3,4,7
2005,13,3,4,13
2005,14,3,3,4
2005,14,3,4,10
2005,17,3,3,1
2005,17,3,4,5
2005,18,3,2,1
2005,18,3,3,5
2005,18,3,4,10
2005,19,3,2,1
2005,19,3,3,1
2005,19,3,4,4
2005,20,3,2,1
2005,20,3,4,3
2005,21,3,2,1
2005,21,3,4,2
2005,22,3,4,8
2005,23,3,2,1
2005,23,3,4,2
2005,24,3,4,1
2005,25,3,4,8
2006,23,1,3,3
2006,18,2,1,1
2006,4,1,2,5
2006,9,1,3,3
2006,23,1,2,4
2006,24,1,2,2
2006,25,1,2,4
2006,19,1,2,4
2006,19,1,3,17
2006,21,1,2,5
2006,7,1,2,5
2006,5,1,2,5
2006,17,1,2,6
2006,10,1,2,3
2006,9,1,1,3
2006,13,1,2,3
2006,3,1,2,10
2006,3,1,3,16
2006,6,1,2,5
2006,7,1,1,12
2006,8,1,1,13
2006,20,1,2,6
2006,24,1,1,6
2006,24,1,3,12
2006,25,1,1,14
2006,0,1,1,419
2006,0,1,2,149
2006,0,1,3,496
2006,0,1,4,161576
2006,1,1,1,97
2006,1,1,2,30
2006,1,1,3,114
2006,1,1,4,29148
2006,3,1,1,12
2006,3,1,4,6139
2006,4,1,1,11
2006,4,1,3,16
2006,4,1,4,5156
2006,5,1,1,24
2006,5,1,3,20
2006,5,1,4,8244
2006,6,1,1,16
2006,6,1,3,9
2006,6,1,4,6501
2006,7,1,3,13
2006,7,1,4,3185
2006,8,1,2,5
2006,8,1,3,10
2006,8,1,4,5329
2006,9,1,4,1678
2006,10,1,1,7
2006,10,1,3,7
2006,10,1,4,3627
2006,12,1,1,45
2006,12,1,2,14
2006,12,1,3,81
2006,12,1,4,19776
2006,13,1,1,13
2006,13,1,3,11
2006,13,1,4,6960
2006,14,1,1,57
2006,14,1,2,24
2006,14,1,3,79
2006,14,1,4,25510
2006,17,1,1,14
2006,17,1,3,13
2006,17,1,4,6405
2006,18,1,1,10
2006,18,1,2,9
2006,18,1,3,14
2006,18,1,4,8026
2006,19,1,1,12
2006,19,1,4,4815
2006,20,1,1,12
2006,20,1,3,21
2006,20,1,4,5666
2006,21,1,1,16
2006,21,1,3,19
2006,21,1,4,5599
2006,22,1,1,16
2006,22,1,3,9
2006,22,1,4,4929
2006,23,1,1,9
2006,23,1,4,3634
2006,24,1,4,5875
2006,25,1,3,9
2006,25,1,4,6673
2006,17,4,1,1
2006,4,4,3,2
2006,7,4,1,1
2006,21,4,1,3
2006,23,4,1,1
2006,3,4,2,2
2006,3,4,3,2
2006,4,4,2,2
2006,4,4,4,23
2006,5,4,2,4
2006,5,4,3,2
2006,6,4,2,7
2006,6,4,3,5
2006,7,4,2,5
2006,7,4,3,2
2006,8,4,2,3
2006,8,4,4,9
2006,12,4,1,2
2006,12,4,2,10
2006,13,4,3,5
2006,17,4,2,6
2006,18,4,2,2
2006,18,4,3,3
2006,19,4,2,2
2006,20,4,2,6
2006,20,4,3,2
2006,22,4,2,3
2006,22,4,3,2
2006,23,4,2,2
2006,25,4,1,1
2006,25,4,3,1
2006,8,4,3,1
2006,25,4,2,2
2006,0,4,1,22
2006,0,4,2,103
2006,0,4,3,83
2006,0,4,4,703
2006,1,4,1,4
2006,1,4,2,18
2006,1,4,3,13
2006,1,4,4,141
2006,3,4,4,49
2006,5,4,4,20
2006,6,4,4,41
2006,7,4,4,30
2006,8,4,1,1
2006,9,4,4,2
2006,10,4,2,3
2006,10,4,4,15
2006,12,4,3,11
2006,12,4,4,91
2006,13,4,1,2
2006,13,4,2,1
2006,13,4,4,20
2006,14,4,1,3
2006,14,4,2,16
2006,14,4,3,15
2006,14,4,4,141
2006,17,4,3,5
2006,17,4,4,74
2006,18,4,1,3
2006,18,4,4,12
2006,19,4,3,3
2006,19,4,4,18
2006,20,4,4,48
2006,21,4,2,4
2006,21,4,3,6
2006,21,4,4,30
2006,22,4,4,19
2006,23,4,4,22
2006,24,4,2,5
2006,24,4,3,3
2006,24,4,4,14
2006,25,4,4,55
2006,0,2,1,5
2006,0,2,2,129
2006,0,2,3,228
2006,0,2,4,11382
2006,1,2,1,1
2006,1,2,2,18
2006,1,2,3,58
2006,1,2,4,1133
2006,3,2,2,4
2006,3,2,3,9
2006,3,2,4,1723
2006,4,2,1,1
2006,4,2,2,3
2006,4,2,3,7
2006,4,2,4,234
2006,5,2,2,10
2006,5,2,3,9
2006,5,2,4,309
2006,6,2,2,3
2006,6,2,3,9
2006,6,2,4,254
2006,7,2,2,2
2006,7,2,3,4
2006,7,2,4,1309
2006,8,2,2,2
2006,8,2,3,6
2006,8,2,4,220
2006,9,2,2,1
2006,9,2,3,3
2006,9,2,4,25
2006,10,2,2,1
2006,10,2,3,5
2006,10,2,4,541
2006,12,2,2,19
2006,12,2,3,26
2006,12,2,4,1461
2006,13,2,2,4
2006,13,2,3,5
2006,13,2,4,367
2006,14,2,1,1
2006,14,2,2,22
2006,14,2,3,32
2006,14,2,4,1207
2006,17,2,2,8
2006,17,2,3,4
2006,17,2,4,2108
2006,18,2,2,7
2006,18,2,3,6
2006,18,2,4,267
2006,19,2,2,4
2006,19,2,3,3
2006,19,2,4,698
2006,20,2,2,2
2006,20,2,3,6
2006,20,2,4,326
2006,21,2,2,7
2006,21,2,3,9
2006,21,2,4,424
2006,22,2,2,3
2006,22,2,3,11
2006,22,2,4,237
2006,23,2,1,1
2006,23,2,3,2
2006,23,2,4,111
2006,24,2,2,3
2006,24,2,3,4
2006,24,2,4,791
2006,25,2,2,6
2006,25,2,3,10
2006,25,2,4,400
2006,0,3,1,2
2006,0,3,2,9
2006,0,3,3,24
2006,0,3,4,123
2006,1,3,1,1
2006,1,3,2,1
2006,1,3,3,8
2006,1,3,4,24
2006,3,3,3,1
2006,3,3,4,3
2006,4,3,3,2
2006,4,3,4,4
2006,5,3,1,1
2006,5,3,3,2
2006,5,3,4,4
2006,6,3,4,3
2006,8,3,4,17
2006,12,3,2,2
2006,12,3,3,3
2006,12,3,4,8
2006,13,3,4,20
2006,14,3,2,4
2006,14,3,3,5
2006,14,3,4,23
2006,18,3,2,1
2006,18,3,4,3
2006,19,3,2,1
2006,19,3,4,5
2006,20,3,3,1
2006,20,3,4,5
2006,21,3,3,1
2006,21,3,4,5
2006,22,3,3,1
2006,23,3,4,2
2006,24,3,4,1
2006,25,3,4,8
2007,17,2,1,1
2007,19,1,2,1
2007,22,1,2,3
2007,10,1,3,12
2007,9,1,3,2
2007,7,1,3,9
2007,25,1,2,4
2007,23,1,3,6
2007,5,1,2,5
2007,9,1,1,3
2007,20,1,2,5
2007,3,1,1,10
2007,3,1,2,6
2007,4,1,2,5
2007,4,1,3,17
2007,5,1,1,14
2007,6,1,2,7
2007,7,1,1,7
2007,10,1,1,3
2007,13,1,1,10
2007,13,1,2,9
2007,13,1,3,10
2007,14,1,2,20
2007,17,1,1,5
2007,17,1,2,7
2007,18,1,2,2
2007,18,1,3,10
2007,19,1,1,6
2007,20,1,1,9
2007,21,1,1,10
2007,21,1,2,6
2007,21,1,3,11
2007,23,1,2,3
2007,24,1,2,6
2007,24,1,3,10
2007,0,1,1,384
2007,0,1,2,130
2007,0,1,3,442
2007,0,1,4,161283
2007,1,1,1,98
2007,1,1,2,20
2007,1,1,3,84
2007,1,1,4,25842
2007,3,1,3,15
2007,3,1,4,4760
2007,4,1,1,11
2007,4,1,4,9522
2007,5,1,3,30
2007,5,1,4,7535
2007,6,1,1,14
2007,6,1,3,11
2007,6,1,4,6078
2007,7,1,2,1
2007,7,1,4,3866
2007,8,1,1,17
2007,8,1,2,4
2007,8,1,3,9
2007,8,1,4,3923
2007,9,1,4,2529
2007,10,1,4,7490
2007,12,1,1,55
2007,12,1,2,16
2007,12,1,3,63
2007,12,1,4,19856
2007,13,1,4,7579
2007,14,1,1,61
2007,14,1,3,84
2007,14,1,4,25600
2007,17,1,3,13
2007,17,1,4,8005
2007,18,1,1,10
2007,18,1,4,6159
2007,19,1,3,12
2007,19,1,4,4901
2007,20,1,3,15
2007,20,1,4,5695
2007,21,1,4,5999
2007,22,1,1,10
2007,22,1,3,10
2007,22,1,4,6447
2007,23,1,1,5
2007,23,1,4,2664
2007,24,1,1,9
2007,24,1,4,5685
2007,25,1,1,17
2007,25,1,3,9
2007,25,1,4,5505
2007,5,4,1,1
2007,14,4,1,1
2007,1,4,1,2
2007,3,4,1,1
2007,5,4,2,3
2007,6,4,3,1
2007,9,4,2,1
2007,17,4,1,1
2007,1,4,2,11
2007,3,4,2,3
2007,4,4,2,2
2007,7,4,2,2
2007,8,4,2,3
2007,8,4,3,5
2007,8,4,4,12
2007,10,4,2,1
2007,10,4,3,3
2007,10,4,4,16
2007,12,4,1,1
2007,12,4,2,13
2007,13,4,2,4
2007,14,4,3,16
2007,17,4,2,5
2007,17,4,3,9
2007,17,4,4,49
2007,18,4,3,1
2007,19,4,2,2
2007,19,4,4,10
2007,20,4,1,1
2007,20,4,3,3
2007,22,4,3,1
2007,23,4,2,4
2007,23,4,4,13
2007,13,4,4,28
2007,24,4,2,3
2007,0,4,1,9
2007,3,4,3,3
2007,3,4,4,26
2007,21,4,1,1
2007,0,4,2,109
2007,0,4,3,88
2007,0,4,4,713
2007,1,4,3,15
2007,1,4,4,88
2007,4,4,3,5
2007,4,4,4,15
2007,5,4,3,2
2007,5,4,4,28
2007,6,4,2,7
2007,6,4,4,24
2007,7,4,3,3
2007,7,4,4,20
2007,9,4,4,24
2007,12,4,3,9
2007,12,4,4,85
2007,14,4,2,18
2007,14,4,4,139
2007,18,4,2,4
2007,18,4,4,11
2007,20,4,2,8
2007,20,4,4,43
2007,21,4,2,7
2007,21,4,3,6
2007,21,4,4,21
2007,22,4,2,3
2007,22,4,4,34
2007,24,4,3,1
2007,24,4,4,45
2007,25,4,2,5
2007,25,4,3,5
2007,25,4,4,38
2007,0,2,1,9
2007,0,2,2,109
2007,0,2,3,222
2007,0,2,4,11966
2007,1,2,1,2
2007,1,2,2,16
2007,1,2,3,46
2007,1,2,4,1171
2007,3,2,2,6
2007,3,2,3,3
2007,3,2,4,192
2007,4,2,2,1
2007,4,2,3,4
2007,4,2,4,227
2007,5,2,2,5
2007,5,2,3,12
2007,5,2,4,327
2007,6,2,1,1
2007,6,2,2,1
2007,6,2,3,13
2007,6,2,4,3200
2007,7,2,2,1
2007,7,2,3,3
2007,7,2,4,148
2007,8,2,3,7
2007,8,2,4,216
2007,9,2,2,1
2007,9,2,4,624
2007,10,2,3,4
2007,10,2,4,186
2007,12,2,1,1
2007,12,2,2,22
2007,12,2,3,33
2007,12,2,4,1478
2007,13,2,2,5
2007,13,2,3,7
2007,13,2,4,338
2007,14,2,1,3
2007,14,2,2,21
2007,14,2,3,35
2007,14,2,4,2163
2007,17,2,2,5
2007,17,2,3,5
2007,17,2,4,215
2007,18,2,1,1
2007,18,2,2,5
2007,18,2,3,7
2007,18,2,4,806
2007,19,2,2,1
2007,19,2,3,5
2007,19,2,4,161
2007,20,2,2,5
2007,20,2,3,4
2007,20,2,4,218
2007,21,2,2,2
2007,21,2,3,9
2007,21,2,4,1007
2007,22,2,2,4
2007,22,2,3,7
2007,22,2,4,421
2007,23,2,2,2
2007,23,2,3,2
2007,23,2,4,220
2007,24,2,2,1
2007,24,2,3,8
2007,24,2,4,293
2007,25,2,2,5
2007,25,2,3,8
2007,25,2,4,391
2007,0,3,1,2
2007,0,3,2,17
2007,0,3,3,29
2007,0,3,4,164
2007,1,3,2,6
2007,1,3,3,10
2007,1,3,4,28
2007,3,3,4,43
2007,4,3,2,1
2007,4,3,3,1
2007,4,3,4,10
2007,5,3,1,1
2007,5,3,2,1
2007,5,3,3,2
2007,5,3,4,14
2007,6,3,1,1
2007,6,3,2,1
2007,6,3,4,4
2007,7,3,4,1
2007,8,3,4,8
2007,10,3,2,1
2007,10,3,4,3
2007,12,3,2,1
2007,12,3,3,7
2007,12,3,4,15
2007,13,3,4,25
2007,14,3,2,2
2007,14,3,3,5
2007,14,3,4,29
2007,17,3,2,1
2007,17,3,3,1
2007,17,3,4,2
2007,18,3,3,1
2007,18,3,4,7
2007,19,3,2,2
2007,19,3,4,4
2007,20,3,2,1
2007,20,3,3,1
2007,21,3,4,2
2007,22,3,4,3
2007,24,3,4,11
2007,25,3,3,1
2007,25,3,4,1
2008,9,1,3,2
2008,1,2,1,1
2008,24,2,2,1
2008,4,1,2,4
2008,5,1,2,4
2008,6,1,2,3
2008,8,1,2,3
2008,10,1,2,3
2008,13,1,2,2
2008,24,1,2,2
2008,7,1,2,4
2008,10,1,3,3
2008,3,1,3,19
2008,17,1,2,3
2008,18,1,3,12
2008,19,1,3,12
2008,22,1,3,9
2008,7,1,3,11
2008,5,1,3,18
2008,8,1,1,9
2008,9,1,1,2
2008,9,1,2,2
2008,10,1,1,6
2008,13,1,1,8
2008,19,1,1,9
2008,19,1,2,5
2008,22,1,1,5
2008,23,1,2,2
2008,25,1,3,13
2008,0,1,1,378
2008,0,1,2,130
2008,0,1,3,484
2008,0,1,4,162386
2008,1,1,1,91
2008,1,1,2,24
2008,1,1,3,98
2008,1,1,4,27253
2008,3,1,1,16
2008,3,1,2,9
2008,3,1,4,4802
2008,4,1,1,17
2008,4,1,3,20
2008,4,1,4,5212
2008,5,1,1,19
2008,5,1,4,7741
2008,6,1,1,20
2008,6,1,3,21
2008,6,1,4,6313
2008,7,1,1,13
2008,7,1,4,3330
2008,8,1,3,11
2008,8,1,4,3202
2008,9,1,4,3872
2008,10,1,4,4280
2008,12,1,1,39
2008,12,1,2,22
2008,12,1,3,64
2008,12,1,4,19566
2008,13,1,3,17
2008,13,1,4,8832
2008,14,1,1,65
2008,14,1,2,19
2008,14,1,3,91
2008,14,1,4,25913
2008,17,1,1,7
2008,17,1,3,19
2008,17,1,4,5470
2008,18,1,1,6
2008,18,1,2,5
2008,18,1,4,5533
2008,19,1,4,7419
2008,20,1,1,11
2008,20,1,2,4
2008,20,1,3,12
2008,20,1,4,6099
2008,21,1,1,8
2008,21,1,2,2
2008,21,1,3,11
2008,21,1,4,5757
2008,22,1,2,3
2008,22,1,4,4926
2008,23,1,1,6
2008,23,1,3,2
2008,23,1,4,3290
2008,24,1,1,9
2008,24,1,3,19
2008,24,1,4,4716
2008,25,1,1,12
2008,25,1,2,5
2008,25,1,4,6992
2008,7,4,1,1
2008,9,4,4,5
2008,10,4,3,1
2008,20,4,3,1
2008,22,4,1,1
2008,24,4,2,1
2008,3,4,2,2
2008,3,4,3,2
2008,3,4,4,21
2008,4,4,2,3
2008,6,4,2,3
2008,7,4,2,2
2008,8,4,3,1
2008,8,4,4,13
2008,10,4,4,25
2008,12,4,1,4
2008,12,4,3,14
2008,14,4,1,1
2008,14,4,2,15
2008,14,4,3,11
2008,17,4,2,5
2008,17,4,3,4
2008,18,4,2,3
2008,18,4,3,1
2008,19,4,3,1
2008,20,4,2,4
2008,21,4,2,2
2008,21,4,3,2
2008,23,4,2,3
2008,1,4,2,11
2008,5,4,4,23
2008,5,4,3,2
2008,0,4,1,8
2008,0,4,2,80
2008,0,4,3,73
2008,0,4,4,673
2008,1,4,3,20
2008,1,4,4,104
2008,4,4,4,48
2008,5,4,2,4
2008,6,4,4,23
2008,7,4,3,3
2008,7,4,4,16
2008,12,4,2,5
2008,12,4,4,85
2008,13,4,2,4
2008,13,4,4,28
2008,14,4,4,102
2008,17,4,4,29
2008,18,4,4,22
2008,19,4,2,2
2008,19,4,4,15
2008,20,4,4,22
2008,21,4,4,30
2008,22,4,2,5
2008,22,4,3,2
2008,22,4,4,33
2008,23,4,3,2
2008,23,4,4,15
2008,24,4,3,2
2008,24,4,4,26
2008,25,4,1,1
2008,25,4,2,6
2008,25,4,3,4
2008,25,4,4,62
2008,0,2,1,5
2008,0,2,2,139
2008,0,2,3,228
2008,0,2,4,11890
2008,1,2,2,19
2008,1,2,3,46
2008,1,2,4,1075
2008,3,2,1,1
2008,3,2,2,6
2008,3,2,3,10
2008,3,2,4,156
2008,4,2,2,4
2008,4,2,3,6
2008,4,2,4,2088
2008,5,2,1,1
2008,5,2,2,5
2008,5,2,3,9
2008,5,2,4,499
2008,6,2,2,2
2008,6,2,3,10
2008,6,2,4,226
2008,7,2,2,5
2008,7,2,3,3
2008,7,2,4,120
2008,8,2,2,4
2008,8,2,3,7
2008,8,2,4,238
2008,9,2,2,1
2008,9,2,4,37
2008,10,2,2,1
2008,10,2,3,4
2008,10,2,4,1058
2008,12,2,2,19
2008,12,2,3,28
2008,12,2,4,903
2008,13,2,2,8
2008,13,2,3,7
2008,13,2,4,1582
2008,14,2,1,1
2008,14,2,2,28
2008,14,2,3,42
2008,14,2,4,1227
2008,17,2,1,1
2008,17,2,2,4
2008,17,2,3,4
2008,17,2,4,236
2008,18,2,2,7
2008,18,2,3,4
2008,18,2,4,2650
2008,19,2,2,3
2008,19,2,3,5
2008,19,2,4,166
2008,20,2,2,6
2008,20,2,3,8
2008,20,2,4,251
2008,21,2,2,3
2008,21,2,3,11
2008,21,2,4,1088
2008,22,2,2,4
2008,22,2,3,5
2008,22,2,4,473
2008,23,2,2,4
2008,23,2,3,6
2008,23,2,4,226
2008,24,2,3,13
2008,24,2,4,201
2008,25,2,2,5
2008,25,2,4,752
2008,0,3,1,4
2008,0,3,2,13
2008,0,3,3,19
2008,0,3,4,104
2008,1,3,1,1
2008,1,3,2,2
2008,1,3,3,3
2008,1,3,4,22
2008,3,3,3,2
2008,3,3,4,2
2008,4,3,2,1
2008,4,3,3,1
2008,4,3,4,4
2008,5,3,4,7
2008,6,3,3,1
2008,6,3,4,3
2008,7,3,3,1
2008,8,3,4,2
2008,12,3,2,2
2008,12,3,3,3
2008,12,3,4,17
2008,13,3,3,1
2008,13,3,4,5
2008,14,3,2,6
2008,14,3,3,2
2008,14,3,4,16
2008,17,3,3,1
2008,17,3,4,5
2008,18,3,4,10
2008,19,3,1,3
2008,19,3,3,1
2008,19,3,4,8
2008,20,3,2,1
2008,20,3,4,1
2008,21,3,2,1
2008,22,3,4,2
2008,23,3,3,1
2008,23,3,4,1
2008,24,3,3,1
2008,24,3,4,1
2008,25,3,3,1
2008,25,3,4,3
2009,23,1,2,3
2009,1,2,1,1
2009,23,2,3,1
2009,7,1,2,3
2009,8,1,2,2
2009,13,1,2,2
2009,4,1,2,4
2009,6,1,3,9
2009,10,1,2,1
2009,18,1,3,9
2009,24,1,2,4
2009,17,1,2,6
2009,20,1,2,4
2009,10,1,3,6
2009,21,1,3,13
2009,9,1,3,3
2009,3,1,2,3
2009,4,1,1,14
2009,5,1,2,7
2009,6,1,1,13
2009,8,1,3,7
2009,9,1,1,3
2009,13,1,1,19
2009,18,1,1,16
2009,21,1,1,9
2009,25,1,1,7
2009,25,1,3,8
2009,0,1,1,414
2009,0,1,2,123
2009,0,1,3,462
2009,0,1,4,157996
2009,1,1,1,87
2009,1,1,2,22
2009,1,1,3,111
2009,1,1,4,27508
2009,3,1,1,17
2009,3,1,3,17
2009,3,1,4,4714
2009,4,1,3,16
2009,4,1,4,5050
2009,5,1,1,18
2009,5,1,3,19
2009,5,1,4,7324
2009,6,1,2,4
2009,6,1,4,5849
2009,7,1,1,9
2009,7,1,3,10
2009,7,1,4,6136
2009,8,1,1,7
2009,8,1,4,3294
2009,9,1,4,4476
2009,10,1,1,10
2009,10,1,4,5951
2009,12,1,1,42
2009,12,1,2,16
2009,12,1,3,59
2009,12,1,4,19671
2009,13,1,3,11
2009,13,1,4,6280
2009,14,1,1,80
2009,14,1,2,23
2009,14,1,3,100
2009,14,1,4,26647
2009,17,1,1,10
2009,17,1,3,17
2009,17,1,4,5634
2009,18,1,2,3
2009,18,1,4,6342
2009,19,1,1,16
2009,19,1,2,5
2009,19,1,3,12
2009,19,1,4,5266
2009,20,1,1,9
2009,20,1,3,10
2009,20,1,4,6018
2009,21,1,2,6
2009,21,1,4,5456
2009,22,1,1,7
2009,22,1,2,5
2009,22,1,3,11
2009,22,1,4,5193
2009,23,1,1,5
2009,23,1,3,2
2009,23,1,4,3865
2009,24,1,1,16
2009,24,1,3,12
2009,24,1,4,4180
2009,25,1,4,6651
2009,1,4,1,1
2009,4,4,1,2
2009,21,4,1,1
2009,17,4,1,1
2009,19,4,1,1
2009,3,4,2,3
2009,6,4,1,1
2009,3,4,4,40
2009,4,4,2,1
2009,4,4,3,2
2009,4,4,4,15
2009,5,4,2,3
2009,6,4,2,5
2009,6,4,3,2
2009,6,4,4,14
2009,8,4,2,5
2009,8,4,3,1
2009,9,4,2,1
2009,9,4,3,1
2009,9,4,4,2
2009,10,4,2,1
2009,12,4,2,5
2009,12,4,3,6
2009,13,4,3,2
2009,14,4,2,13
2009,17,4,2,3
2009,17,4,3,3
2009,18,4,2,2
2009,18,4,3,3
2009,19,4,2,2
2009,19,4,3,2
2009,19,4,4,21
2009,20,4,2,2
2009,20,4,3,2
2009,21,4,2,4
2009,22,4,2,3
2009,22,4,3,2
2009,22,4,4,23
2009,23,4,1,1
2009,23,4,2,1
2009,23,4,3,1
2009,23,4,4,11
2009,24,4,2,6
2009,25,4,2,1
2009,13,4,2,1
2009,7,4,3,2
2009,7,4,4,16
2009,14,4,3,10
2009,20,4,4,34
2009,0,4,1,15
2009,0,4,2,73
2009,0,4,3,56
2009,0,4,4,585
2009,1,4,2,11
2009,1,4,3,8
2009,1,4,4,61
2009,3,4,3,1
2009,5,4,4,30
2009,8,4,4,24
2009,10,4,3,2
2009,10,4,4,8
2009,12,4,1,3
2009,12,4,4,60
2009,13,4,4,65
2009,14,4,1,2
2009,14,4,4,64
2009,17,4,4,48
2009,18,4,4,27
2009,21,4,4,42
2009,24,4,1,2
2009,24,4,3,3
2009,24,4,4,27
2009,25,4,3,3
2009,25,4,4,24
2009,0,2,1,7
2009,0,2,2,140
2009,0,2,3,244
2009,0,2,4,11949
2009,1,2,2,18
2009,1,2,3,34
2009,1,2,4,1132
2009,3,2,2,3
2009,3,2,3,5
2009,3,2,4,187
2009,4,2,2,2
2009,4,2,3,5
2009,4,2,4,270
2009,5,2,2,6
2009,5,2,3,10
2009,5,2,4,301
2009,6,2,2,5
2009,6,2,3,4
2009,6,2,4,2864
2009,7,2,2,3
2009,7,2,3,11
2009,7,2,4,198
2009,8,2,2,3
2009,8,2,3,3
2009,8,2,4,210
2009,9,2,3,1
2009,9,2,4,40
2009,10,2,2,6
2009,10,2,3,2
2009,10,2,4,543
2009,12,2,1,2
2009,12,2,2,18
2009,12,2,3,37
2009,12,2,4,882
2009,13,2,2,3
2009,13,2,3,9
2009,13,2,4,1558
2009,14,2,2,32
2009,14,2,3,46
2009,14,2,4,1183
2009,17,2,1,1
2009,17,2,2,7
2009,17,2,3,11
2009,17,2,4,273
2009,18,2,2,3
2009,18,2,3,6
2009,18,2,4,2574
2009,19,2,2,4
2009,19,2,3,7
2009,19,2,4,283
2009,20,2,2,4
2009,20,2,3,11
2009,20,2,4,459
2009,21,2,2,6
2009,21,2,3,10
2009,21,2,4,556
2009,22,2,1,1
2009,22,2,2,5
2009,22,2,3,10
2009,22,2,4,445
2009,23,2,4,295
2009,24,2,1,1
2009,24,2,2,7
2009,24,2,3,11
2009,24,2,4,341
2009,25,2,1,1
2009,25,2,2,5
2009,25,2,3,10
2009,25,2,4,422
2009,0,3,1,4
2009,0,3,2,14
2009,0,3,3,22
2009,0,3,4,130
2009,1,3,1,1
2009,1,3,2,1
2009,1,3,3,6
2009,1,3,4,38
2009,3,3,2,1
2009,3,3,3,2
2009,3,3,4,4
2009,4,3,4,6
2009,5,3,1,1
2009,5,3,2,1
2009,5,3,3,1
2009,5,3,4,5
2009,6,3,2,1
2009,6,3,4,3
2009,7,3,2,1
2009,7,3,4,2
2009,8,3,4,4
2009,9,3,3,1
2009,9,3,4,1
2009,12,3,1,2
2009,12,3,2,3
2009,12,3,3,2
2009,12,3,4,15
2009,13,3,3,1
2009,13,3,4,3
2009,14,3,2,4
2009,14,3,3,5
2009,14,3,4,29
2009,17,3,3,2
2009,17,3,4,4
2009,18,3,4,9
2009,19,3,3,1
2009,19,3,4,3
2009,20,3,4,6
2009,21,3,3,1
2009,22,3,4,1
2009,23,3,4,3
2009,25,3,2,2
2009,25,3,4,2
2010,9,1,2,2
2010,22,1,2,1
2010,13,1,2,3
2010,20,1,2,3
2010,6,1,2,4
2010,18,1,2,8
2010,23,1,3,4
2010,13,1,3,9
2010,18,1,3,14
2010,8,1,3,9
2010,17,1,1,8
2010,7,1,1,5
2010,9,1,1,2
2010,18,1,1,5
2010,21,1,3,9
2010,23,1,2,2
2010,0,1,1,406
2010,0,1,2,166
2010,0,1,3,441
2010,0,1,4,159253
2010,1,1,1,86
2010,1,1,2,41
2010,1,1,3,109
2010,1,1,4,29924
2010,3,1,1,15
2010,3,1,2,14
2010,3,1,3,12
2010,3,1,4,4782
2010,4,1,1,15
2010,4,1,2,6
2010,4,1,3,16
2010,4,1,4,4724
2010,5,1,1,29
2010,5,1,2,6
2010,5,1,3,22
2010,5,1,4,7761
2010,6,1,1,13
2010,6,1,3,11
2010,6,1,4,6024
2010,7,1,2,3
2010,7,1,3,7
2010,7,1,4,4020
2010,8,1,1,11
2010,8,1,2,3
2010,8,1,4,3092
2010,9,1,4,3795
2010,10,1,1,4
2010,10,1,3,5
2010,10,1,4,4307
2010,12,1,1,60
2010,12,1,2,18
2010,12,1,3,52
2010,12,1,4,20146
2010,13,1,1,17
2010,13,1,4,6775
2010,14,1,1,70
2010,14,1,2,25
2010,14,1,3,80
2010,14,1,4,25590
2010,17,1,2,3
2010,17,1,3,12
2010,17,1,4,7147
2010,18,1,4,5879
2010,19,1,1,7
2010,19,1,2,5
2010,19,1,3,14
2010,19,1,4,5662
2010,20,1,1,9
2010,20,1,3,12
2010,20,1,4,5394
2010,21,1,1,13
2010,21,1,2,7
2010,21,1,4,5714
2010,22,1,1,9
2010,22,1,3,13
2010,22,1,4,4706
2010,23,1,1,3
2010,23,1,4,3752
2010,24,1,1,12
2010,24,1,2,5
2010,24,1,3,16
2010,24,1,4,5674
2010,25,1,1,13
2010,25,1,2,7
2010,25,1,3,15
2010,25,1,4,5909
2010,6,4,3,1
2010,4,4,2,1
2010,8,4,2,2
2010,8,4,3,1
2010,24,4,3,1
2010,1,4,2,5
2010,3,4,1,2
2010,3,4,2,2
2010,3,4,3,1
2010,4,4,3,1
2010,4,4,4,9
2010,5,4,2,3
2010,5,4,3,2
2010,6,4,2,1
2010,6,4,4,19
2010,7,4,1,1
2010,7,4,2,3
2010,7,4,3,2
2010,7,4,4,12
2010,9,4,2,1
2010,9,4,4,6
2010,12,4,1,2
2010,12,4,2,8
2010,12,4,3,9
2010,13,4,2,1
2010,13,4,3,1
2010,13,4,4,24
2010,14,4,4,54
2010,17,4,1,1
2010,17,4,2,2
2010,17,4,4,29
2010,18,4,2,2
2010,18,4,4,4
2010,19,4,2,1
2010,19,4,3,1
2010,21,4,2,3
2010,21,4,3,4
2010,22,4,2,1
2010,22,4,3,1
2010,23,4,2,2
2010,23,4,3,4
2010,24,4,2,1
2010,25,4,1,2
2010,25,4,2,3
2010,25,4,3,1
2010,8,4,4,25
2010,1,4,4,80
2010,0,4,1,11
2010,0,4,2,57
2010,0,4,3,46
2010,0,4,4,431
2010,1,4,3,8
2010,3,4,4,42
2010,5,4,4,73
2010,12,4,4,43
2010,14,4,1,3
2010,14,4,2,10
2010,14,4,3,6
2010,19,4,4,17
2010,20,4,2,5
2010,20,4,3,2
2010,20,4,4,19
2010,21,4,4,16
2010,22,4,4,27
2010,23,4,4,13
2010,24,4,4,20
2010,25,4,4,23
2010,0,2,1,3
2010,0,2,2,118
2010,0,2,3,219
2010,0,2,4,12114
2010,1,2,2,27
2010,1,2,3,46
2010,1,2,4,1083
2010,3,2,2,10
2010,3,2,3,8
2010,3,2,4,166
2010,4,2,2,5
2010,4,2,3,4
2010,4,2,4,236
2010,5,2,2,5
2010,5,2,3,9
2010,5,2,4,300
2010,6,2,2,4
2010,6,2,3,3
2010,6,2,4,257
2010,7,2,2,3
2010,7,2,3,6
2010,7,2,4,116
2010,8,2,2,3
2010,8,2,3,5
2010,8,2,4,250
2010,9,2,2,1
2010,9,2,4,28
2010,10,2,2,3
2010,10,2,3,7
2010,10,2,4,3567
2010,12,2,2,5
2010,12,2,3,33
2010,12,2,4,937
2010,13,2,2,6
2010,13,2,3,3
2010,13,2,4,1710
2010,14,2,2,18
2010,14,2,3,40
2010,14,2,4,1193
2010,17,2,2,5
2010,17,2,3,8
2010,17,2,4,266
2010,18,2,2,3
2010,18,2,3,5
2010,18,2,4,297
2010,19,2,1,1
2010,19,2,2,3
2010,19,2,3,6
2010,19,2,4,168
2010,20,2,2,3
2010,20,2,3,5
2010,20,2,4,3255
2010,21,2,1,1
2010,21,2,2,3
2010,21,2,3,9
2010,21,2,4,537
2010,22,2,2,3
2010,22,2,3,3
2010,22,2,4,288
2010,23,2,2,3
2010,23,2,3,5
2010,23,2,4,701
2010,24,2,1,1
2010,24,2,2,3
2010,24,2,3,7
2010,24,2,4,325
2010,25,2,2,2
2010,25,2,3,7
2010,25,2,4,415
2010,0,3,1,7
2010,0,3,2,14
2010,0,3,3,23
2010,0,3,4,132
2010,1,3,2,4
2010,1,3,3,8
2010,1,3,4,40
2010,3,3,2,2
2010,3,3,4,4
2010,4,3,2,1
2010,4,3,4,1
2010,5,3,1,1
2010,5,3,4,3
2010,6,3,3,2
2010,6,3,4,6
2010,7,3,3,2
2010,7,3,4,6
2010,8,3,3,1
2010,8,3,4,3
2010,10,3,2,1
2010,10,3,4,1
2010,12,3,1,1
2010,12,3,3,2
2010,12,3,4,7
2010,13,3,4,14
2010,14,3,1,3
2010,14,3,2,3
2010,14,3,3,5
2010,14,3,4,25
2010,17,3,3,1
2010,17,3,4,7
2010,18,3,1,1
2010,18,3,4,1
2010,19,3,2,1
2010,19,3,4,3
2010,20,3,4,6
2010,21,3,3,1
2010,21,3,4,1
2010,22,3,1,1
2010,22,3,2,1
2010,22,3,3,1
2010,22,3,4,5
2010,24,3,2,1
2010,24,3,4,3
2010,25,3,4,6
2011,10,1,3,5
2011,7,1,2,1
2011,9,1,2,1
2011,10,1,2,2
2011,22,1,2,5
2011,4,1,2,6
2011,7,1,3,6
2011,9,1,3,4
2011,8,1,2,3
2011,5,1,3,15
2011,6,1,1,8
2011,19,1,1,9
2011,9,1,1,3
2011,13,1,3,10
2011,18,1,3,15
2011,20,1,1,6
2011,21,1,1,12
2011,23,1,1,4
2011,25,1,1,10
2011,0,1,1,349
2011,0,1,2,150
2011,0,1,3,461
2011,0,1,4,158656
2011,1,1,1,75
2011,1,1,2,33
2011,1,1,3,112
2011,1,1,4,26345
2011,3,1,1,10
2011,3,1,2,7
2011,3,1,3,16
2011,3,1,4,5898
2011,4,1,1,15
2011,4,1,3,8
2011,4,1,4,6011
2011,5,1,1,19
2011,5,1,2,5
2011,5,1,4,9294
2011,6,1,2,7
2011,6,1,3,20
2011,6,1,4,4421
2011,7,1,1,9
2011,7,1,4,6038
2011,8,1,1,13
2011,8,1,3,18
2011,8,1,4,4643
2011,9,1,4,2348
2011,10,1,1,3
2011,10,1,4,4033
2011,12,1,1,47
2011,12,1,2,20
2011,12,1,3,56
2011,12,1,4,19997
2011,13,1,1,8
2011,13,1,2,4
2011,13,1,4,5861
2011,14,1,1,61
2011,14,1,2,17
2011,14,1,3,78
2011,14,1,4,25204
2011,17,1,1,7
2011,17,1,2,4
2011,17,1,3,17
2011,17,1,4,6446
2011,18,1,1,8
2011,18,1,2,9
2011,18,1,4,5135
2011,19,1,2,4
2011,19,1,3,13
2011,19,1,4,4950
2011,20,1,2,5
2011,20,1,3,17
2011,20,1,4,5526
2011,21,1,2,3
2011,21,1,3,12
2011,21,1,4,5552
2011,22,1,1,10
2011,22,1,3,9
2011,22,1,4,4611
2011,23,1,2,2
2011,23,1,3,9
2011,23,1,4,3285
2011,24,1,1,12
2011,24,1,2,4
2011,24,1,3,9
2011,24,1,4,6506
2011,25,1,2,8
2011,25,1,3,12
2011,25,1,4,6057
2011,1,4,1,1
2011,6,4,1,1
2011,14,4,1,1
2011,17,4,1,1
2011,17,4,2,1
2011,8,4,4,14
2011,3,4,2,2
2011,5,4,2,2
2011,20,4,3,1
2011,23,4,3,1
2011,1,4,2,3
2011,4,4,2,2
2011,4,4,3,1
2011,4,4,4,9
2011,5,4,4,13
2011,7,4,4,23
2011,8,4,2,4
2011,8,4,3,2
2011,10,4,4,6
2011,12,4,2,11
2011,12,4,3,4
2011,13,4,3,1
2011,14,4,3,6
2011,18,4,2,5
2011,18,4,3,1
2011,18,4,4,34
2011,19,4,4,21
2011,20,4,1,1
2011,20,4,2,2
2011,21,4,1,2
2011,21,4,2,4
2011,21,4,4,13
2011,22,4,2,1
2011,22,4,4,9
2011,23,4,2,1
2011,24,4,3,3
2011,25,4,2,2
2011,25,4,3,2
2011,6,4,2,1
2011,14,4,2,21
2011,6,4,3,2
2011,0,4,1,8
2011,0,4,2,65
2011,0,4,3,43
2011,0,4,4,483
2011,1,4,3,8
2011,1,4,4,56
2011,3,4,3,4
2011,3,4,4,17
2011,5,4,3,2
2011,6,4,4,18
2011,9,4,4,3
2011,12,4,4,57
2011,13,4,4,25
2011,14,4,4,104
2011,17,4,3,2
2011,17,4,4,12
2011,19,4,1,1
2011,19,4,3,1
2011,20,4,4,25
2011,22,4,3,2
2011,23,4,4,13
2011,24,4,2,3
2011,24,4,4,18
2011,25,4,4,51
2011,0,2,1,5
2011,0,2,2,124
2011,0,2,3,238
2011,0,2,4,12745
2011,1,2,2,17
2011,1,2,3,55
2011,1,2,4,1213
2011,3,2,1,1
2011,3,2,2,3
2011,3,2,3,9
2011,3,2,4,180
2011,4,2,2,4
2011,4,2,3,6
2011,4,2,4,197
2011,5,2,1,1
2011,5,2,2,5
2011,5,2,3,9
2011,5,2,4,319
2011,6,2,1,1
2011,6,2,2,3
2011,6,2,3,7
2011,6,2,4,3134
2011,7,2,2,1
2011,7,2,3,7
2011,7,2,4,133
2011,8,2,2,6
2011,8,2,3,10
2011,8,2,4,284
2011,9,2,2,1
2011,9,2,3,1
2011,9,2,4,36
2011,10,2,3,4
2011,10,2,4,842
2011,12,2,1,1
2011,12,2,2,14
2011,12,2,3,23
2011,12,2,4,1528
2011,13,2,1,1
2011,13,2,2,4
2011,13,2,3,12
2011,13,2,4,431
2011,14,2,2,22
2011,14,2,3,34
2011,14,2,4,1243
2011,17,2,2,12
2011,17,2,3,7
2011,17,2,4,285
2011,18,2,2,4
2011,18,2,3,16
2011,18,2,4,340
2011,19,2,2,3
2011,19,2,3,8
2011,19,2,4,145
2011,20,2,2,2
2011,20,2,3,9
2011,20,2,4,265
2011,21,2,2,3
2011,21,2,3,5
2011,21,2,4,4003
2011,22,2,2,2
2011,22,2,3,6
2011,22,2,4,237
2011,23,2,2,5
2011,23,2,3,2
2011,23,2,4,629
2011,24,2,2,3
2011,24,2,3,2
2011,24,2,4,389
2011,25,2,2,10
2011,25,2,3,6
2011,25,2,4,490
2011,0,3,1,2
2011,0,3,2,13
2011,0,3,3,19
2011,0,3,4,108
2011,1,3,2,8
2011,1,3,3,8
2011,1,3,4,22
2011,3,3,3,1
2011,3,3,4,3
2011,4,3,3,1
2011,4,3,4,3
2011,5,3,4,6
2011,6,3,2,1
2011,6,3,4,1
2011,7,3,1,1
2011,7,3,4,3
2011,8,3,2,1
2011,8,3,4,3
2011,10,3,2,1
2011,10,3,4,1
2011,12,3,2,2
2011,12,3,3,5
2011,12,3,4,13
2011,13,3,4,20
2011,14,3,3,3
2011,14,3,4,25
2011,17,3,3,1
2011,17,3,4,2
2011,18,3,4,1
2011,20,3,4,1
2011,21,3,4,1
2011,22,3,4,2
2011,23,3,4,10
2011,24,3,1,1
2011,24,3,4,2
2011,25,3,4,6
2012,5,1,2,4
2012,9,1,2,2
2012,25,1,2,2
2012,12,2,1,1
2012,4,1,2,4
2012,10,1,3,4
2012,18,1,2,3
2012,23,1,2,3
2012,3,1,2,4
2012,10,1,2,4
2012,17,1,2,8
2012,19,1,2,2
2012,24,1,2,4
2012,25,1,3,8
2012,3,1,3,12
2012,6,1,2,3
2012,8,1,3,8
2012,9,1,3,4
2012,17,1,3,11
2012,22,1,2,5
2012,3,1,1,22
2012,5,1,1,10
2012,7,1,3,4
2012,13,1,1,9
2012,13,1,2,5
2012,14,1,2,20
2012,20,1,1,14
2012,20,1,2,7
2012,21,1,2,4
2012,0,1,1,409
2012,0,1,2,140
2012,0,1,3,459
2012,0,1,4,160673
2012,1,1,1,86
2012,1,1,2,31
2012,1,1,3,107
2012,1,1,4,25919
2012,3,1,4,6812
2012,4,1,1,14
2012,4,1,3,12
2012,4,1,4,5119
2012,5,1,3,26
2012,5,1,4,7678
2012,6,1,1,15
2012,6,1,3,15
2012,6,1,4,5585
2012,7,1,1,7
2012,7,1,2,3
2012,7,1,4,4107
2012,8,1,1,8
2012,8,1,2,5
2012,8,1,4,3837
2012,9,1,1,5
2012,9,1,4,3406
2012,10,1,1,5
2012,10,1,4,4026
2012,12,1,1,62
2012,12,1,2,17
2012,12,1,3,68
2012,12,1,4,20788
2012,13,1,3,14
2012,13,1,4,7257
2012,14,1,1,64
2012,14,1,3,75
2012,14,1,4,26052
2012,17,1,1,8
2012,17,1,4,8443
2012,18,1,1,14
2012,18,1,3,10
2012,18,1,4,5930
2012,19,1,1,10
2012,19,1,3,15
2012,19,1,4,4515
2012,20,1,3,11
2012,20,1,4,10641
2012,21,1,1,21
2012,21,1,3,14
2012,21,1,4,5780
2012,22,1,1,7
2012,22,1,3,17
2012,22,1,4,4813
2012,23,1,1,5
2012,23,1,3,6
2012,23,1,4,3282
2012,24,1,1,13
2012,24,1,3,18
2012,24,1,4,4848
2012,25,1,1,10
2012,25,1,4,5105
2012,23,4,1,1
2012,24,4,1,1
2012,7,4,4,10
2012,8,4,2,3
2012,0,4,1,9
2012,1,4,2,6
2012,3,4,2,1
2012,5,4,2,2
2012,5,4,3,3
2012,5,4,4,43
2012,6,4,2,3
2012,6,4,3,1
2012,6,4,4,17
2012,7,4,3,1
2012,8,4,4,8
2012,10,4,3,1
2012,10,4,4,11
2012,12,4,1,2
2012,12,4,3,7
2012,14,4,1,5
2012,14,4,2,3
2012,17,4,3,3
2012,17,4,4,16
2012,18,4,2,1
2012,18,4,4,11
2012,19,4,2,2
2012,19,4,4,22
2012,20,4,2,7
2012,21,4,2,2
2012,21,4,3,3
2012,22,4,2,2
2012,24,4,3,2
2012,1,4,3,10
2012,3,4,3,3
2012,18,4,3,3
2012,20,4,3,2
2012,3,4,4,14
2012,14,4,3,12
2012,0,4,2,63
2012,0,4,3,56
2012,0,4,4,445
2012,1,4,4,111
2012,4,4,2,2
2012,4,4,3,3
2012,4,4,4,19
2012,9,4,4,9
2012,12,4,2,5
2012,12,4,4,40
2012,13,4,2,4
2012,13,4,4,115
2012,14,4,4,89
2012,17,4,2,6
2012,20,4,4,32
2012,21,4,4,19
2012,22,4,4,30
2012,23,4,2,4
2012,23,4,3,2
2012,23,4,4,13
2012,24,4,2,3
2012,24,4,4,22
2012,25,4,2,7
2012,25,4,4,19
2012,0,2,1,6
2012,0,2,2,117
2012,0,2,3,212
2012,0,2,4,13687
2012,1,2,1,3
2012,1,2,2,23
2012,1,2,3,47
2012,1,2,4,1309
2012,3,2,2,4
2012,3,2,3,8
2012,3,2,4,2167
2012,4,2,2,3
2012,4,2,3,7
2012,4,2,4,248
2012,5,2,2,11
2012,5,2,3,16
2012,5,2,4,369
2012,6,2,2,5
2012,6,2,3,11
2012,6,2,4,1365
2012,7,2,2,3
2012,7,2,3,5
2012,7,2,4,145
2012,8,2,2,4
2012,8,2,3,5
2012,8,2,4,294
2012,9,2,1,1
2012,9,2,2,1
2012,9,2,3,1
2012,9,2,4,62
2012,10,2,2,2
2012,10,2,3,5
2012,10,2,4,986
2012,12,2,2,13
2012,12,2,3,25
2012,12,2,4,914
2012,13,2,2,4
2012,13,2,3,2
2012,13,2,4,1721
2012,14,2,1,1
2012,14,2,2,18
2012,14,2,3,44
2012,14,2,4,1378
2012,17,2,2,4
2012,17,2,3,3
2012,17,2,4,284
2012,18,2,2,6
2012,18,2,3,4
2012,18,2,4,351
2012,19,2,2,4
2012,19,2,3,4
2012,19,2,4,187
2012,20,2,2,1
2012,20,2,3,1
2012,20,2,4,3773
2012,21,2,2,2
2012,21,2,3,7
2012,21,2,4,307
2012,22,2,3,1
2012,22,2,4,265
2012,23,2,2,1
2012,23,2,3,2
2012,23,2,4,138
2012,24,2,2,3
2012,24,2,3,4
2012,24,2,4,1512
2012,25,2,2,5
2012,25,2,3,10
2012,25,2,4,525
2012,0,3,1,5
2012,0,3,2,11
2012,0,3,3,15
2012,0,3,4,95
2012,1,3,1,3
2012,1,3,2,4
2012,1,3,3,5
2012,1,3,4,24
2012,3,3,3,1
2012,3,3,4,1
2012,4,3,1,1
2012,4,3,4,2
2012,5,3,4,2
2012,8,3,4,3
2012,10,3,4,11
2012,12,3,2,3
2012,12,3,3,5
2012,12,3,4,20
2012,13,3,1,1
2012,13,3,4,1
2012,14,3,2,4
2012,14,3,3,3
2012,14,3,4,10
2012,17,3,4,16
2012,18,3,3,1
2012,19,3,4,1
2012,20,3,4,1
2012,21,3,4,1
2012,25,3,4,9
2013,20,1,2,1
2013,7,1,2,2
2013,9,1,2,2
2013,3,1,2,3
2013,6,1,2,6
2013,8,1,2,1
2013,19,1,2,2
2013,9,1,3,1
2013,10,1,2,1
2013,13,1,2,2
2013,17,1,2,4
2013,21,1,3,9
2013,22,1,2,3
2013,23,1,2,2
2013,24,1,2,6
2013,24,1,3,13
2013,18,1,3,14
2013,22,1,3,14
2013,23,1,3,7
2013,4,1,2,8
2013,25,1,3,11
2013,20,1,3,12
2013,9,1,1,5
2013,23,1,1,4
2013,6,1,1,14
2013,7,1,1,9
2013,8,1,1,12
2013,12,1,2,14
2013,13,1,1,7
2013,17,1,1,6
2013,18,1,1,15
2013,20,1,1,14
2013,21,1,1,11
2013,0,1,1,408
2013,0,1,2,129
2013,0,1,3,484
2013,0,1,4,158283
2013,1,1,1,98
2013,1,1,2,21
2013,1,1,3,91
2013,1,1,4,24936
2013,3,1,1,20
2013,3,1,3,22
2013,3,1,4,6008
2013,4,1,1,12
2013,4,1,3,14
2013,4,1,4,7307
2013,5,1,1,17
2013,5,1,2,8
2013,5,1,3,30
2013,5,1,4,7411
2013,6,1,3,24
2013,6,1,4,6340
2013,7,1,3,10
2013,7,1,4,3702
2013,8,1,3,13
2013,8,1,4,4220
2013,9,1,4,1874
2013,10,1,1,6
2013,10,1,3,10
2013,10,1,4,3323
2013,12,1,1,43
2013,12,1,3,52
2013,12,1,4,19368
2013,13,1,3,18
2013,13,1,4,9489
2013,14,1,1,76
2013,14,1,2,23
2013,14,1,3,87
2013,14,1,4,25435
2013,17,1,3,20
2013,17,1,4,7107
2013,18,1,2,9
2013,18,1,4,5091
2013,19,1,1,7
2013,19,1,3,12
2013,19,1,4,4085
2013,20,1,4,5770
2013,21,1,2,7
2013,21,1,4,6229
2013,22,1,1,12
2013,22,1,4,4620
2013,23,1,4,3021
2013,24,1,1,13
2013,24,1,4,6051
2013,25,1,1,7
2013,25,1,2,4
2013,25,1,4,5627
2013,17,4,3,1
2013,25,4,1,1
2013,13,4,3,1
2013,22,4,2,1
2013,24,4,2,1
2013,1,4,1,1
2013,1,4,2,3
2013,1,4,3,6
2013,3,4,2,1
2013,3,4,3,1
2013,4,4,2,4
2013,4,4,3,3
2013,5,4,3,5
2013,6,4,1,1
2013,6,4,4,13
2013,7,4,3,2
2013,7,4,4,8
2013,8,4,3,1
2013,8,4,4,15
2013,9,4,3,1
2013,10,4,2,1
2013,10,4,3,2
2013,10,4,4,19
2013,12,4,3,3
2013,14,4,3,7
2013,17,4,2,4
2013,18,4,2,1
2013,18,4,3,2
2013,19,4,3,2
2013,19,4,4,12
2013,20,4,2,1
2013,20,4,3,1
2013,20,4,4,14
2013,21,4,3,1
2013,21,4,4,6
2013,22,4,4,23
2013,24,4,3,1
2013,5,4,2,2
2013,5,4,4,19
2013,6,4,2,1
2013,6,4,3,2
2013,14,4,4,57
2013,12,4,1,1
2013,0,4,1,6
2013,0,4,2,43
2013,0,4,3,45
2013,0,4,4,415
2013,1,4,4,43
2013,3,4,4,58
2013,4,4,4,85
2013,9,4,1,1
2013,9,4,4,4
2013,12,4,2,11
2013,12,4,4,36
2013,13,4,4,49
2013,14,4,2,8
2013,17,4,4,40
2013,18,4,4,25
2013,20,4,1,1
2013,23,4,4,23
2013,24,4,4,13
2013,25,4,2,4
2013,25,4,3,3
2013,25,4,4,45
2013,0,2,1,4
2013,0,2,2,149
2013,0,2,3,237
2013,0,2,4,13982
2013,1,2,2,40
2013,1,2,3,51
2013,1,2,4,1334
2013,3,2,2,6
2013,3,2,3,13
2013,3,2,4,2165
2013,4,2,1,1
2013,4,2,2,3
2013,4,2,3,8
2013,4,2,4,211
2013,5,2,2,9
2013,5,2,3,7
2013,5,2,4,353
2013,6,2,2,10
2013,6,2,3,9
2013,6,2,4,259
2013,7,2,1,1
2013,7,2,2,2
2013,7,2,3,4
2013,7,2,4,137
2013,8,2,2,3
2013,8,2,3,5
2013,8,2,4,244
2013,9,2,3,1
2013,9,2,4,48
2013,10,2,2,2
2013,10,2,3,5
2013,10,2,4,2061
2013,12,2,2,15
2013,12,2,3,36
2013,12,2,4,993
2013,13,2,2,2
2013,13,2,3,7
2013,13,2,4,1914
2013,14,2,2,18
2013,14,2,3,41
2013,14,2,4,1415
2013,17,2,2,8
2013,17,2,3,5
2013,17,2,4,298
2013,18,2,1,1
2013,18,2,2,1
2013,18,2,3,8
2013,18,2,4,365
2013,19,2,2,4
2013,19,2,3,7
2013,19,2,4,221
2013,20,2,2,3
2013,20,2,3,3
2013,20,2,4,267
2013,21,2,2,5
2013,21,2,3,6
2013,21,2,4,320
2013,22,2,2,3
2013,22,2,3,4
2013,22,2,4,265
2013,23,2,2,4
2013,23,2,3,3
2013,23,2,4,162
2013,24,2,1,1
2013,24,2,2,3
2013,24,2,3,7
2013,24,2,4,5445
2013,25,2,2,8
2013,25,2,3,7
2013,25,2,4,549
2013,0,3,1,5
2013,0,3,2,13
2013,0,3,3,21
2013,0,3,4,117
2013,1,3,1,2
2013,1,3,2,1
2013,1,3,3,6
2013,1,3,4,19
2013,3,3,4,30
2013,4,3,3,1
2013,4,3,4,1
2013,5,3,1,1
2013,5,3,2,1
2013,5,3,4,4
2013,6,3,4,1
2013,10,3,4,8
2013,12,3,2,2
2013,12,3,3,3
2013,12,3,4,13
2013,13,3,2,1
2013,13,3,3,2
2013,13,3,4,5
2013,14,3,2,4
2013,14,3,3,3
2013,14,3,4,31
2013,17,3,3,1
2013,18,3,4,4
2013,19,3,2,2
2013,19,3,3,3
2013,19,3,4,5
2013,20,3,1,1
2013,20,3,3,1
2013,20,3,4,4
2013,21,3,3,1
2013,21,3,4,4
2013,22,3,4,8
2013,24,3,2,1
2013,24,3,4,1
2013,25,3,1,1
2013,25,3,2,1
2013,25,3,4,2
2014,5,1,2,4
2014,6,1,2,2
2014,8,1,2,2
2014,22,1,2,2
2014,9,1,1,3
2014,24,2,1,1
2014,23,1,3,1
2014,24,1,2,2
2014,3,1,2,3
2014,25,1,2,4
2014,4,1,2,2
2014,8,1,3,8
2014,17,1,2,3
2014,9,1,3,4
2014,18,1,3,11
2014,5,1,3,18
2014,7,1,1,6
2014,4,1,1,8
2014,6,1,1,13
2014,7,1,3,12
2014,10,1,1,10
2014,19,1,2,3
2014,21,1,1,11
2014,21,1,2,3
2014,22,1,1,6
2014,23,1,1,4
2014,23,1,2,1
2014,0,1,1,347
2014,0,1,2,113
2014,0,1,3,440
2014,0,1,4,155377
2014,1,1,1,62
2014,1,1,2,27
2014,1,1,3,112
2014,1,1,4,24402
2014,3,1,1,12
2014,3,1,3,10
2014,3,1,4,9539
2014,4,1,3,12
2014,4,1,4,5699
2014,5,1,1,22
2014,5,1,4,6609
2014,6,1,3,11
2014,6,1,4,6749
2014,7,1,2,3
2014,7,1,4,2995
2014,8,1,1,10
2014,8,1,4,4087
2014,9,1,2,2
2014,9,1,4,3290
2014,10,1,3,9
2014,10,1,4,3310
2014,12,1,1,55
2014,12,1,2,13
2014,12,1,3,57
2014,12,1,4,19121
2014,13,1,1,12
2014,13,1,2,4
2014,13,1,3,16
2014,13,1,4,8678
2014,14,1,1,51
2014,14,1,2,26
2014,14,1,3,79
2014,14,1,4,25125
2014,17,1,1,10
2014,17,1,3,10
2014,17,1,4,5491
2014,18,1,1,11
2014,18,1,2,5
2014,18,1,4,5175
2014,19,1,1,11
2014,19,1,3,8
2014,19,1,4,4875
2014,20,1,1,13
2014,20,1,2,2
2014,20,1,3,17
2014,20,1,4,5389
2014,21,1,3,14
2014,21,1,4,5629
2014,22,1,3,9
2014,22,1,4,3579
2014,23,1,4,4635
2014,24,1,1,9
2014,24,1,3,10
2014,24,1,4,4373
2014,25,1,1,8
2014,25,1,3,12
2014,25,1,4,8190
2014,3,4,1,1
2014,3,4,3,1
2014,5,4,2,1
2014,13,4,3,1
2014,17,4,1,1
2014,19,4,2,1
2014,10,4,3,1
2014,17,4,2,1
2014,6,4,2,1
2014,23,4,1,1
2014,24,4,3,1
2014,25,4,2,1
2014,1,4,1,1
2014,1,4,2,5
2014,1,4,3,6
2014,3,4,4,57
2014,4,4,2,1
2014,5,4,3,2
2014,5,4,4,10
2014,7,4,4,15
2014,8,4,3,1
2014,9,4,2,1
2014,9,4,4,3
2014,10,4,4,26
2014,12,4,1,3
2014,12,4,2,7
2014,13,4,2,1
2014,14,4,2,5
2014,19,4,3,3
2014,19,4,4,9
2014,20,4,2,2
2014,20,4,3,1
2014,21,4,3,1
2014,22,4,2,5
2014,24,4,2,1
2014,13,4,4,10
2014,25,4,3,4
2014,12,4,3,7
2014,0,4,1,10
2014,0,4,2,35
2014,0,4,3,42
2014,0,4,4,452
2014,1,4,4,59
2014,4,4,4,22
2014,6,4,4,93
2014,8,4,4,8
2014,12,4,4,121
2014,14,4,1,2
2014,14,4,3,11
2014,14,4,4,73
2014,17,4,4,53
2014,18,4,3,2
2014,18,4,4,21
2014,20,4,4,16
2014,21,4,2,2
2014,21,4,4,40
2014,22,4,4,17
2014,23,4,4,21
2014,24,4,4,38
2014,25,4,1,1
2014,25,4,4,22
2014,0,2,1,7
2014,0,2,2,124
2014,0,2,3,228
2014,0,2,4,13955
2014,1,2,1,2
2014,1,2,2,17
2014,1,2,3,54
2014,1,2,4,1385
2014,3,2,2,4
2014,3,2,3,7
2014,3,2,4,162
2014,4,2,2,7
2014,4,2,3,8
2014,4,2,4,210
2014,5,2,1,1
2014,5,2,2,9
2014,5,2,3,2
2014,5,2,4,360
2014,6,2,2,4
2014,6,2,3,4
2014,6,2,4,240
2014,7,2,3,2
2014,7,2,4,134
2014,8,2,2,5
2014,8,2,3,7
2014,8,2,4,257
2014,9,2,2,4
2014,9,2,3,2
2014,9,2,4,4162
2014,10,2,2,1
2014,10,2,3,3
2014,10,2,4,252
2014,12,2,2,11
2014,12,2,3,27
2014,12,2,4,951
2014,13,2,1,1
2014,13,2,2,3
2014,13,2,3,8
2014,13,2,4,1912
2014,14,2,1,1
2014,14,2,2,19
2014,14,2,3,41
2014,14,2,4,2405
2014,17,2,2,4
2014,17,2,3,5
2014,17,2,4,271
2014,18,2,2,5
2014,18,2,3,8
2014,18,2,4,354
2014,19,2,2,4
2014,19,2,3,7
2014,19,2,4,218
2014,20,2,2,2
2014,20,2,3,7
2014,20,2,4,252
2014,21,2,2,5
2014,21,2,3,9
2014,21,2,4,2233
2014,22,2,2,3
2014,22,2,3,6
2014,22,2,4,314
2014,23,2,2,3
2014,23,2,3,5
2014,23,2,4,751
2014,24,2,2,3
2014,24,2,3,4
2014,24,2,4,222
2014,25,2,1,1
2014,25,2,2,11
2014,25,2,3,12
2014,25,2,4,898
2014,0,3,1,2
2014,0,3,2,17
2014,0,3,3,22
2014,0,3,4,115
2014,1,3,2,6
2014,1,3,3,5
2014,1,3,4,27
2014,3,3,2,1
2014,3,3,3,2
2014,4,3,4,4
2014,5,3,2,2
2014,5,3,4,4
2014,6,3,4,7
2014,8,3,2,1
2014,8,3,3,2
2014,8,3,4,3
2014,10,3,1,1
2014,10,3,4,1
2014,12,3,1,1
2014,12,3,2,2
2014,12,3,3,4
2014,12,3,4,25
2014,13,3,2,1
2014,13,3,4,1
2014,14,3,2,1
2014,14,3,3,3
2014,14,3,4,12
2014,17,3,3,1
2014,17,3,4,3
2014,18,3,2,2
2014,18,3,3,3
2014,18,3,4,7
2014,19,3,4,2
2014,20,3,4,13
2014,21,3,2,1
2014,21,3,3,1
2014,21,3,4,3
2014,22,3,4,1
2014,24,3,4,6
2014,25,3,3,1
2014,25,3,4,7
2015,4,1,2,1
2015,8,1,2,2
2015,9,1,2,2
2015,10,1,2,1
2015,17,1,2,2
2015,5,1,2,3
2015,7,1,2,1
2015,8,1,3,3
2015,23,1,2,2
2015,25,1,2,1
2015,13,1,2,6
2015,24,1,3,13
2015,24,1,2,5
2015,3,1,1,11
2015,10,1,1,8
2015,17,1,3,15
2015,18,1,2,6
2015,19,1,1,8
2015,22,1,3,10
2015,23,1,1,2
2015,0,1,1,392
2015,0,1,2,124
2015,0,1,3,411
2015,0,1,4,156444
2015,1,1,1,86
2015,1,1,2,30
2015,1,1,3,81
2015,1,1,4,25747
2015,3,1,2,4
2015,3,1,3,13
2015,3,1,4,9784
2015,4,1,1,18
2015,4,1,3,9
2015,4,1,4,5037
2015,5,1,1,15
2015,5,1,3,18
2015,5,1,4,7960
2015,6,1,1,15
2015,6,1,3,20
2015,6,1,4,5487
2015,7,1,1,11
2015,7,1,3,8
2015,7,1,4,4544
2015,8,1,1,9
2015,8,1,4,4020
2015,9,1,1,2
2015,9,1,4,3542
2015,10,1,3,9
2015,10,1,4,6530
2015,12,1,1,52
2015,12,1,2,12
2015,12,1,3,62
2015,12,1,4,19318
2015,13,1,1,10
2015,13,1,3,15
2015,13,1,4,7094
2015,14,1,1,58
2015,14,1,2,25
2015,14,1,3,68
2015,14,1,4,23988
2015,17,1,1,7
2015,17,1,4,6592
2015,18,1,1,14
2015,18,1,3,13
2015,18,1,4,8683
2015,19,1,2,5
2015,19,1,3,12
2015,19,1,4,5027
2015,20,1,1,11
2015,20,1,2,8
2015,20,1,3,10
2015,20,1,4,5386
2015,21,1,1,20
2015,21,1,2,4
2015,21,1,3,12
2015,21,1,4,5453
2015,22,1,1,10
2015,22,1,2,4
2015,22,1,4,4713
2015,23,1,3,6
2015,23,1,4,4080
2015,24,1,1,15
2015,24,1,4,4076
2015,25,1,1,10
2015,25,1,3,14
2015,25,1,4,6312
2015,8,4,3,1
2015,21,4,1,1
2015,4,4,2,1
2015,14,4,1,1
2015,1,4,2,4
2015,1,4,3,3
2015,3,4,2,1
2015,3,4,3,2
2015,3,4,4,6
2015,5,4,3,1
2015,6,4,3,1
2015,6,4,4,35
2015,7,4,2,1
2015,7,4,3,1
2015,8,4,2,1
2015,8,4,4,18
2015,9,4,3,1
2015,10,4,3,2
2015,10,4,4,4
2015,12,4,2,5
2015,13,4,2,1
2015,13,4,4,39
2015,17,4,2,2
2015,17,4,3,3
2015,19,4,2,2
2015,19,4,3,3
2015,20,4,2,2
2015,20,4,3,2
2015,23,4,2,1
2015,24,4,2,3
2015,24,4,3,4
2015,24,4,4,19
2015,25,4,3,3
2015,19,4,4,10
2015,7,4,4,6
2015,0,4,1,6
2015,0,4,2,44
2015,0,4,3,59
2015,0,4,4,427
2015,1,4,4,94
2015,4,4,1,1
2015,4,4,4,11
2015,5,4,4,14
2015,6,4,2,4
2015,9,4,4,5
2015,12,4,1,2
2015,12,4,3,4
2015,12,4,4,55
2015,14,4,2,6
2015,14,4,3,17
2015,14,4,4,71
2015,17,4,4,33
2015,18,4,3,6
2015,18,4,4,9
2015,20,4,1,1
2015,20,4,4,52
2015,21,4,2,4
2015,21,4,3,3
2015,21,4,4,23
2015,22,4,2,2
2015,22,4,3,2
2015,22,4,4,32
2015,23,4,4,10
2015,25,4,2,4
2015,25,4,4,19
2015,0,2,1,8
2015,0,2,2,107
2015,0,2,3,235
2015,0,2,4,14532
2015,1,2,1,2
2015,1,2,2,25
2015,1,2,3,43
2015,1,2,4,1425
2015,3,2,2,4
2015,3,2,3,6
2015,3,2,4,218
2015,4,2,2,3
2015,4,2,3,7
2015,4,2,4,244
2015,5,2,2,1
2015,5,2,3,10
2015,5,2,4,341
2015,6,2,2,3
2015,6,2,3,3
2015,6,2,4,277
2015,7,2,2,4
2015,7,2,3,2
2015,7,2,4,130
2015,8,2,2,2
2015,8,2,3,7
2015,8,2,4,278
2015,9,2,1,1
2015,9,2,2,2
2015,9,2,3,2
2015,9,2,4,43
2015,10,2,2,1
2015,10,2,3,7
2015,10,2,4,172
2015,12,2,1,1
2015,12,2,2,9
2015,12,2,3,27
2015,12,2,4,1009
2015,13,2,2,3
2015,13,2,3,6
2015,13,2,4,6586
2015,14,2,2,16
2015,14,2,3,57
2015,14,2,4,2525
2015,17,2,2,2
2015,17,2,3,10
2015,17,2,4,285
2015,18,2,2,4
2015,18,2,3,8
2015,18,2,4,330
2015,19,2,1,1
2015,19,2,2,3
2015,19,2,3,4
2015,19,2,4,1355
2015,20,2,2,4
2015,20,2,3,7
2015,20,2,4,491
2015,21,2,2,4
2015,21,2,3,9
2015,21,2,4,338
2015,22,2,2,1
2015,22,2,3,3
2015,22,2,4,305
2015,23,2,2,4
2015,23,2,3,4
2015,23,2,4,1259
2015,24,2,1,2
2015,24,2,2,5
2015,24,2,3,7
2015,24,2,4,208
2015,25,2,1,1
2015,25,2,2,7
2015,25,2,3,6
2015,25,2,4,908
2015,0,3,1,3
2015,0,3,2,34
2015,0,3,3,30
2015,0,3,4,129
2015,1,3,1,2
2015,1,3,2,8
2015,1,3,3,7
2015,1,3,4,27
2015,3,3,1,1
2015,3,3,3,3
2015,4,3,4,11
2015,5,3,2,3
2015,5,3,3,1
2015,5,3,4,4
2015,6,3,2,1
2015,6,3,3,1
2015,6,3,4,8
2015,7,3,2,1
2015,7,3,4,3
2015,8,3,3,2
2015,8,3,4,4
2015,12,3,2,5
2015,12,3,3,5
2015,12,3,4,16
2015,13,3,3,1
2015,13,3,4,3
2015,14,3,2,12
2015,14,3,3,6
2015,14,3,4,28
2015,17,3,3,1
2015,17,3,4,7
2015,18,3,2,1
2015,18,3,4,1
2015,21,3,2,1
2015,21,3,4,1
2015,22,3,3,1
2015,22,3,4,3
2015,23,3,2,2
2015,23,3,4,4
2015,24,3,3,2
2015,24,3,4,3
2015,25,3,4,7
2016,13,1,2,1
2016,22,1,2,1
2016,18,1,2,1
2016,23,1,2,1
2016,10,1,2,3
2016,13,1,3,8
2016,20,1,2,3
2016,5,1,2,9
2016,18,1,3,10
2016,9,1,3,3
2016,12,1,2,16
2016,7,1,3,7
2016,19,1,3,14
2016,9,1,1,1
2016,23,1,1,3
2016,3,1,2,5
2016,7,1,1,11
2016,8,1,1,10
2016,8,1,2,2
2016,10,1,1,9
2016,13,1,1,12
2016,17,1,1,11
2016,21,1,2,2
2016,22,1,3,10
2016,24,1,1,12
2016,0,1,1,421
2016,0,1,2,101
2016,0,1,3,425
2016,0,1,4,157015
2016,1,1,1,96
2016,1,1,2,25
2016,1,1,3,103
2016,1,1,4,26745
2016,3,1,1,8
2016,3,1,3,15
2016,3,1,4,6143
2016,4,1,1,19
2016,4,1,2,1
2016,4,1,3,16
2016,4,1,4,8283
2016,5,1,1,20
2016,5,1,3,18
2016,5,1,4,7236
2016,6,1,1,13
2016,6,1,2,3
2016,6,1,3,12
2016,6,1,4,5747
2016,7,1,4,3346
2016,8,1,3,14
2016,8,1,4,4306
2016,9,1,2,1
2016,9,1,4,1628
2016,10,1,3,10
2016,10,1,4,3860
2016,12,1,1,60
2016,12,1,3,50
2016,12,1,4,18882
2016,13,1,4,8883
2016,14,1,1,74
2016,14,1,2,19
2016,14,1,3,69
2016,14,1,4,26093
2016,17,1,2,1
2016,17,1,3,14
2016,17,1,4,7077
2016,18,1,1,14
2016,18,1,4,4861
2016,19,1,1,8
2016,19,1,2,3
2016,19,1,4,4928
2016,20,1,1,12
2016,20,1,3,9
2016,20,1,4,6019
2016,21,1,1,16
2016,21,1,3,15
2016,21,1,4,5099
2016,22,1,1,5
2016,22,1,4,3704
2016,23,1,3,5
2016,23,1,4,5865
2016,24,1,3,12
2016,24,1,4,4023
2016,25,1,1,7
2016,25,1,2,4
2016,25,1,3,11
2016,25,1,4,8317
2016,3,4,1,1
2016,9,4,1,1
2016,4,4,4,2
2016,14,4,1,2
2016,3,4,4,13
2016,18,4,2,1
2016,19,4,1,2
2016,21,4,3,1
2016,0,4,1,7
2016,1,4,2,2
2016,1,4,3,6
2016,5,4,3,3
2016,5,4,4,14
2016,6,4,3,3
2016,7,4,3,2
2016,7,4,4,23
2016,8,4,3,1
2016,8,4,4,16
2016,9,4,3,1
2016,10,4,3,3
2016,10,4,4,3
2016,12,4,2,2
2016,14,4,2,7
2016,17,4,2,3
2016,17,4,3,1
2016,18,4,3,1
2016,18,4,4,13
2016,19,4,3,2
2016,20,4,2,2
2016,22,4,2,2
2016,22,4,3,1
2016,23,4,2,1
2016,23,4,4,5
2016,25,4,1,1
2016,25,4,2,4
2016,6,4,2,3
2016,9,4,2,1
2016,9,4,4,5
2016,12,4,3,4
2016,19,4,4,15
2016,20,4,3,3
2016,0,4,2,31
2016,0,4,3,50
2016,0,4,4,376
2016,1,4,4,114
2016,6,4,4,19
2016,12,4,4,97
2016,13,4,2,3
2016,13,4,3,1
2016,13,4,4,97
2016,14,4,3,10
2016,14,4,4,129
2016,17,4,4,16
2016,20,4,4,18
2016,21,4,4,34
2016,22,4,4,21
2016,24,4,3,2
2016,24,4,4,12
2016,25,4,3,5
2016,25,4,4,39
2016,0,2,1,6
2016,0,2,2,109
2016,0,2,3,254
2016,0,2,4,14929
2016,1,2,1,1
2016,1,2,2,25
2016,1,2,3,39
2016,1,2,4,2605
2016,3,2,2,5
2016,3,2,3,11
2016,3,2,4,214
2016,4,2,1,1
2016,4,2,2,2
2016,4,2,3,9
2016,4,2,4,242
2016,5,2,2,3
2016,5,2,3,13
2016,5,2,4,1320
2016,6,2,2,4
2016,6,2,3,9
2016,6,2,4,471
2016,7,2,2,3
2016,7,2,3,8
2016,7,2,4,123
2016,8,2,1,1
2016,8,2,2,2
2016,8,2,3,9
2016,8,2,4,277
2016,9,2,2,1
2016,9,2,3,3
2016,9,2,4,40
2016,10,2,2,6
2016,10,2,3,7
2016,10,2,4,937
2016,12,2,2,18
2016,12,2,3,23
2016,12,2,4,970
2016,13,2,1,1
2016,13,2,2,2
2016,13,2,3,14
2016,13,2,4,2102
2016,14,2,1,2
2016,14,2,2,20
2016,14,2,3,47
2016,14,2,4,2509
2016,17,2,2,2
2016,17,2,3,10
2016,17,2,4,558
2016,18,2,2,2
2016,18,2,3,7
2016,18,2,4,353
2016,19,2,2,2
2016,19,2,3,8
2016,19,2,4,213
2016,20,2,2,1
2016,20,2,3,4
2016,20,2,4,1450
2016,21,2,2,2
2016,21,2,3,9
2016,21,2,4,331
2016,22,2,2,3
2016,22,2,3,5
2016,22,2,4,317
2016,23,2,2,1
2016,23,2,3,2
2016,23,2,4,1310
2016,24,2,2,3
2016,24,2,3,6
2016,24,2,4,375
2016,25,2,2,2
2016,25,2,3,11
2016,25,2,4,581
2016,0,3,1,1
2016,0,3,2,23
2016,0,3,3,26
2016,0,3,4,130
2016,1,3,2,5
2016,1,3,3,7
2016,1,3,4,24
2016,3,3,2,1
2016,3,3,3,2
2016,3,3,4,9
2016,4,3,3,1
2016,4,3,4,5
2016,5,3,2,2
2016,5,3,4,4
2016,6,3,2,1
2016,6,3,3,1
2016,6,3,4,2
2016,7,3,2,1
2016,7,3,4,2
2016,8,3,4,1
2016,10,3,4,5
2016,12,3,1,1
2016,12,3,2,7
2016,12,3,3,7
2016,12,3,4,33
2016,14,3,2,4
2016,14,3,3,3
2016,14,3,4,13
2016,17,3,4,21
2016,19,3,3,1
2016,19,3,4,7
2016,20,3,3,2
2016,20,3,4,4
2016,21,3,4,11
2016,22,3,2,1
2016,22,3,4,1
2016,24,3,2,1
2016,24,3,4,1
2016,25,3,3,2
2016,25,3,4,2
2017,9,2,3,1
2017,5,1,2,4
2017,8,1,2,3
2017,9,1,3,4
2017,10,1,3,6
2017,17,1,2,5
2017,21,1,2,6
2017,23,1,2,2
2017,4,1,3,9
2017,6,1,3,15
2017,5,1,3,24
2017,9,1,1,2
2017,6,1,1,7
2017,8,1,1,21
2017,10,1,1,7
2017,10,1,2,3
2017,13,1,2,4
2017,19,1,1,14
2017,21,1,1,11
2017,21,1,3,12
2017,22,1,1,6
2017,22,1,2,3
2017,23,1,1,3
2017,25,1,2,6
2017,0,1,1,379
2017,0,1,2,120
2017,0,1,3,463
2017,0,1,4,158700
2017,1,1,1,91
2017,1,1,2,18
2017,1,1,3,108
2017,1,1,4,29439
2017,3,1,1,14
2017,3,1,2,5
2017,3,1,3,20
2017,3,1,4,6169
2017,4,1,1,12
2017,4,1,2,2
2017,4,1,4,5993
2017,5,1,1,18
2017,5,1,4,7275
2017,6,1,2,3
2017,6,1,4,6517
2017,7,1,1,5
2017,7,1,2,3
2017,7,1,3,6
2017,7,1,4,3723
2017,8,1,3,12
2017,8,1,4,4137
2017,9,1,4,1237
2017,10,1,4,4244
2017,12,1,1,53
2017,12,1,2,19
2017,12,1,3,69
2017,12,1,4,19771
2017,13,1,1,12
2017,13,1,3,12
2017,13,1,4,8666
2017,14,1,1,53
2017,14,1,2,20
2017,14,1,3,68
2017,14,1,4,24277
2017,17,1,1,14
2017,17,1,3,10
2017,17,1,4,8711
2017,18,1,1,11
2017,18,1,2,5
2017,18,1,3,15
2017,18,1,4,4696
2017,19,1,2,3
2017,19,1,3,18
2017,19,1,4,5372
2017,20,1,1,10
2017,20,1,2,6
2017,20,1,3,12
2017,20,1,4,7104
2017,21,1,4,5281
2017,22,1,3,14
2017,22,1,4,4509
2017,23,1,3,6
2017,23,1,4,4185
2017,24,1,1,6
2017,24,1,3,13
2017,24,1,4,5127
2017,25,1,1,9
2017,25,1,3,10
2017,25,1,4,6596
2017,22,4,1,1
2017,23,4,1,1
2017,25,4,2,1
2017,3,4,1,1
2017,3,4,2,1
2017,3,4,4,4
2017,4,4,3,2
2017,10,4,2,1
2017,4,4,1,1
2017,4,4,2,1
2017,5,4,2,2
2017,6,4,3,3
2017,7,4,4,15
2017,8,4,2,1
2017,8,4,3,3
2017,8,4,4,10
2017,9,4,3,1
2017,9,4,4,37
2017,10,4,1,1
2017,10,4,3,2
2017,10,4,4,11
2017,12,4,2,6
2017,13,4,2,2
2017,13,4,3,2
2017,13,4,4,27
2017,17,4,2,1
2017,18,4,2,1
2017,18,4,4,8
2017,19,4,4,15
2017,20,4,2,1
2017,20,4,3,4
2017,21,4,2,1
2017,24,4,2,4
2017,24,4,3,1
2017,25,4,3,1
2017,6,4,2,3
2017,1,4,3,10
2017,0,4,1,10
2017,14,4,1,5
2017,0,4,2,44
2017,0,4,3,51
2017,0,4,4,429
2017,1,4,2,8
2017,1,4,4,63
2017,4,4,4,25
2017,5,4,3,3
2017,5,4,4,8
2017,6,4,4,12
2017,12,4,3,6
2017,12,4,4,45
2017,14,4,2,10
2017,14,4,3,9
2017,14,4,4,45
2017,17,4,4,32
2017,18,4,3,4
2017,20,4,4,12
2017,21,4,4,14
2017,22,4,4,20
2017,23,4,4,22
2017,24,4,4,26
2017,25,4,4,31
2017,0,2,1,7
2017,0,2,2,125
2017,0,2,3,262
2017,0,2,4,8554
2017,1,2,1,2
2017,1,2,2,25
2017,1,2,3,48
2017,1,2,4,1419
2017,3,2,1,1
2017,3,2,2,3
2017,3,2,3,11
2017,3,2,4,210
2017,4,2,1,1
2017,4,2,2,2
2017,4,2,3,7
2017,4,2,4,246
2017,5,2,2,2
2017,5,2,3,15
2017,5,2,4,16555
2017,6,2,2,3
2017,6,2,3,17
2017,6,2,4,286
2017,7,2,2,2
2017,7,2,3,5
2017,7,2,4,149
2017,8,2,2,2
2017,8,2,3,3
2017,8,2,4,1105
2017,9,2,4,94
2017,10,2,2,1
2017,10,2,3,4
2017,10,2,4,420
2017,12,2,2,18
2017,12,2,3,32
2017,12,2,4,1696
2017,13,2,2,3
2017,13,2,3,7
2017,13,2,4,642
2017,14,2,1,1
2017,14,2,2,30
2017,14,2,3,46
2017,14,2,4,1493
2017,17,2,2,3
2017,17,2,3,13
2017,17,2,4,302
2017,18,2,2,1
2017,18,2,3,13
2017,18,2,4,323
2017,19,2,2,3
2017,19,2,3,4
2017,19,2,4,228
2017,20,2,2,4
2017,20,2,3,6
2017,20,2,4,259
2017,21,2,1,1
2017,21,2,2,9
2017,21,2,3,4
2017,21,2,4,379
2017,22,2,2,2
2017,22,2,3,5
2017,22,2,4,343
2017,23,2,2,2
2017,23,2,3,6
2017,23,2,4,132
2017,24,2,2,5
2017,24,2,3,7
2017,24,2,4,253
2017,25,2,1,1
2017,25,2,2,5
2017,25,2,3,8
2017,25,2,4,6282
2017,0,3,1,6
2017,0,3,2,28
2017,0,3,3,35
2017,0,3,4,143
2017,1,3,1,2
2017,1,3,2,13
2017,1,3,3,16
2017,1,3,4,59
2017,3,3,3,1
2017,3,3,4,5
2017,4,3,3,1
2017,5,3,4,3
2017,6,3,4,7
2017,8,3,3,1
2017,8,3,4,1
2017,10,3,1,1
2017,10,3,4,1
2017,12,3,2,7
2017,12,3,3,5
2017,12,3,4,14
2017,14,3,1,3
2017,14,3,2,3
2017,14,3,3,8
2017,14,3,4,24
2017,17,3,2,1
2017,17,3,3,1
2017,17,3,4,5
2017,18,3,4,9
2017,19,3,3,2
2017,19,3,4,6
2017,20,3,2,1
2017,20,3,4,1
2017,21,3,2,2
2017,22,3,4,5
2017,23,3,2,1
2017,24,3,4,5
2018,6,2,1,1
2018,21,2,1,1
2018,20,1,3,7
2018,3,1,2,3
2018,6,1,3,16
2018,7,1,2,2
2018,8,1,3,7
2018,21,1,2,3
2018,23,1,3,3
2018,9,1,3,4
2018,10,1,3,6
2018,9,1,1,2
2018,23,1,1,2
2018,3,1,1,10
2018,3,1,3,8
2018,5,1,2,7
2018,6,1,1,14
2018,7,1,1,7
2018,7,1,3,5
2018,13,1,2,2
2018,17,1,3,12
2018,22,1,1,5
2018,25,1,1,8
2018,0,1,1,355
2018,0,1,2,120
2018,0,1,3,425
2018,0,1,4,159342
2018,1,1,1,91
2018,1,1,2,22
2018,1,1,3,98
2018,1,1,4,26314
2018,3,1,4,6514
2018,4,1,1,12
2018,4,1,2,4
2018,4,1,3,11
2018,4,1,4,6377
2018,5,1,1,23
2018,5,1,3,21
2018,5,1,4,8363
2018,6,1,2,6
2018,6,1,4,5590
2018,7,1,4,3411
2018,8,1,1,5
2018,8,1,4,4806
2018,9,1,4,3476
2018,10,1,1,11
2018,10,1,4,4379
2018,12,1,1,45
2018,12,1,2,11
2018,12,1,3,63
2018,12,1,4,20826
2018,13,1,1,8
2018,13,1,3,11
2018,13,1,4,6102
2018,14,1,1,49
2018,14,1,2,26
2018,14,1,3,74
2018,14,1,4,24572
2018,17,1,1,12
2018,17,1,2,3
2018,17,1,4,7184
2018,18,1,1,6
2018,18,1,2,1
2018,18,1,3,19
2018,18,1,4,5778
2018,19,1,1,6
2018,19,1,2,3
2018,19,1,3,12
2018,19,1,4,5020
2018,20,1,1,12
2018,20,1,2,5
2018,20,1,4,6386
2018,21,1,1,15
2018,21,1,3,13
2018,21,1,4,5038
2018,22,1,2,7
2018,22,1,3,9
2018,22,1,4,3020
2018,23,1,4,6370
2018,24,1,1,12
2018,24,1,2,8
2018,24,1,3,13
2018,24,1,4,4707
2018,25,1,2,7
2018,25,1,3,13
2018,25,1,4,7568
2018,1,4,1,1
2018,19,4,2,1
2018,20,4,1,1
2018,21,4,1,1
2018,22,4,3,1
2018,14,4,1,3
2018,21,4,2,2
2018,25,4,3,2
2018,1,4,2,1
2018,3,4,2,4
2018,3,4,3,1
2018,5,4,2,3
2018,6,4,2,3
2018,7,4,4,13
2018,8,4,2,1
2018,8,4,3,1
2018,9,4,2,1
2018,9,4,4,3
2018,12,4,2,3
2018,12,4,3,9
2018,13,4,3,1
2018,17,4,2,2
2018,17,4,3,2
2018,18,4,2,2
2018,18,4,3,2
2018,20,4,2,1
2018,20,4,3,3
2018,20,4,4,12
2018,10,4,4,20
2018,19,4,3,3
2018,19,4,4,16
2018,0,4,1,9
2018,0,4,2,44
2018,0,4,3,60
2018,0,4,4,582
2018,1,4,3,14
2018,1,4,4,70
2018,3,4,4,83
2018,4,4,3,2
2018,4,4,4,36
2018,5,4,3,2
2018,5,4,4,17
2018,6,4,3,3
2018,6,4,4,16
2018,7,4,3,1
2018,8,4,4,26
2018,12,4,1,2
2018,12,4,4,65
2018,13,4,1,1
2018,13,4,4,88
2018,14,4,2,12
2018,14,4,3,11
2018,14,4,4,74
2018,17,4,4,30
2018,18,4,4,27
2018,21,4,4,16
2018,22,4,4,59
2018,23,4,2,4
2018,23,4,4,14
2018,24,4,2,1
2018,24,4,3,2
2018,24,4,4,38
2018,25,4,2,3
2018,25,4,4,36
2018,0,2,1,12
2018,0,2,2,139
2018,0,2,3,297
2018,0,2,4,15740
2018,1,2,1,2
2018,1,2,2,25
2018,1,2,3,69
2018,1,2,4,1524
2018,3,2,2,11
2018,3,2,3,15
2018,3,2,4,258
2018,4,2,2,5
2018,4,2,3,11
2018,4,2,4,256
2018,5,2,2,4
2018,5,2,3,8
2018,5,2,4,3648
2018,6,2,2,4
2018,6,2,3,6
2018,6,2,4,523
2018,7,2,2,3
2018,7,2,3,6
2018,7,2,4,171
2018,8,2,2,1
2018,8,2,3,4
2018,8,2,4,307
2018,9,2,2,2
2018,9,2,3,2
2018,9,2,4,44
2018,10,2,2,3
2018,10,2,3,2
2018,10,2,4,1109
2018,12,2,1,2
2018,12,2,2,9
2018,12,2,3,23
2018,12,2,4,1029
2018,13,2,2,2
2018,13,2,3,12
2018,13,2,4,2182
2018,14,2,1,1
2018,14,2,2,21
2018,14,2,3,58
2018,14,2,4,1496
2018,17,2,2,1
2018,17,2,3,8
2018,17,2,4,278
2018,18,2,1,1
2018,18,2,2,6
2018,18,2,3,8
2018,18,2,4,3322
2018,19,2,1,3
2018,19,2,2,3
2018,19,2,3,10
2018,19,2,4,446
2018,20,2,1,1
2018,20,2,2,10
2018,20,2,3,14
2018,20,2,4,565
2018,21,2,2,8
2018,21,2,3,7
2018,21,2,4,389
2018,22,2,2,2
2018,22,2,3,8
2018,22,2,4,1168
2018,23,2,2,6
2018,23,2,3,7
2018,23,2,4,162
2018,24,2,2,6
2018,24,2,3,10
2018,24,2,4,684
2018,25,2,2,7
2018,25,2,3,9
2018,25,2,4,656
2018,0,3,1,5
2018,0,3,2,32
2018,0,3,3,31
2018,0,3,4,136
2018,1,3,2,8
2018,1,3,3,7
2018,1,3,4,33
2018,3,3,2,1
2018,3,3,3,2
2018,3,3,4,7
2018,4,3,3,1
2018,4,3,4,5
2018,5,3,3,1
2018,5,3,4,3
2018,6,3,2,2
2018,6,3,3,1
2018,6,3,4,3
2018,7,3,2,1
2018,7,3,4,2
2018,8,3,4,4
2018,12,3,1,2
2018,12,3,2,10
2018,12,3,3,7
2018,12,3,4,29
2018,13,3,3,1
2018,13,3,4,1
2018,14,3,1,3
2018,14,3,2,5
2018,14,3,3,9
2018,14,3,4,23
2018,17,3,2,1
2018,17,3,4,1
2018,18,3,2,3
2018,18,3,4,7
2018,19,3,3,1
2018,19,3,4,1
2018,20,3,2,1
2018,20,3,4,2
2018,21,3,4,12
2018,24,3,3,1
2018,24,3,4,2
2018,25,3,4,1
